Date,Rolling_Vol_60d
2018-06-05,
2018-06-06,
2018-06-07,
2018-06-08,
2018-06-11,
2018-06-12,
2018-06-13,
2018-06-14,
2018-06-15,
2018-06-18,
2018-06-19,
2018-06-20,
2018-06-21,
2018-06-22,
2018-06-25,
2018-06-26,
2018-06-27,
2018-06-28,
2018-06-29,
2018-07-02,
2018-07-03,
2018-07-04,
2018-07-05,
2018-07-06,
2018-07-09,
2018-07-10,
2018-07-11,
2018-07-12,
2018-07-13,
2018-07-16,0.028763853458147155
2018-07-17,0.028386715530175317
2018-07-18,0.027940827162258902
2018-07-19,0.027583903646359518
2018-07-20,0.027304865343513004
2018-07-23,0.026923110453359975
2018-07-24,0.027063180847743073
2018-07-25,0.026746808769258796
2018-07-26,0.033960820676823725
2018-07-27,0.03377014858660439
2018-07-30,0.0334665124200898
2018-07-31,0.03454545840280335
2018-08-01,0.03412474281065117
2018-08-02,0.03376106656013212
2018-08-03,0.03352423256425915
2018-08-06,0.03380157561649942
2018-08-07,0.03342404943407948
2018-08-08,0.033066686014996974
2018-08-09,0.03301183704485105
2018-08-10,0.03268297885152521
2018-08-13,0.03261486127368589
2018-08-14,0.03231115542237791
2018-08-15,0.03213756067921257
2018-08-16,0.03200296496696561
2018-08-17,0.03178927384835443
2018-08-20,0.03150155917124778
2018-08-21,0.0312817029617737
2018-08-22,0.03109829414599478
2018-08-23,0.031763606949715535
2018-08-24,0.03264261091108962
2018-08-27,0.03285681656829261
2018-08-28,0.03291257386554968
2018-08-29,0.03237818732415724
2018-08-30,0.03155872947508059
2018-08-31,0.031496714431598606
2018-09-03,0.0313730295238908
2018-09-04,0.03396748423260811
2018-09-05,0.03387997605435754
2018-09-06,0.03410510652135845
2018-09-07,0.034263025711842934
2018-09-10,0.0354368459748906
2018-09-11,0.03515401988668915
2018-09-12,0.03583473221674702
2018-09-13,0.035869101317106564
2018-09-14,0.03668935983631117
2018-09-17,0.036035990870995536
2018-09-18,0.036178758040575285
2018-09-19,0.03594814127450698
2018-09-20,0.03596250961987531
2018-09-21,0.035772830721286016
2018-09-24,0.03610488000120995
2018-09-25,0.036022140628500114
2018-09-26,0.03612521176437598
2018-09-27,0.03602905535384134
2018-09-28,0.036595256165527154
2018-10-01,0.03659994278127817
2018-10-02,0.03836711221938736
2018-10-03,0.03841030275118382
2018-10-04,0.03862021967789514
2018-10-05,0.038597283046313484
2018-10-08,0.038945423789035954
2018-10-09,0.03902337499241531
2018-10-10,0.040847152119962704
2018-10-11,0.040805478228326184
2018-10-12,0.0409473549754053
2018-10-15,0.04097038800126386
2018-10-16,0.04148269716083648
2018-10-17,0.04175715571326187
2018-10-18,0.038614367314369125
2018-10-19,0.04164991533920354
2018-10-22,0.042114084026057395
2018-10-23,0.04132179847413496
2018-10-24,0.043341371035113756
2018-10-25,0.04861168158687877
2018-10-26,0.0499233414931593
2018-10-29,0.04980236676352455
2018-10-30,0.04987734314034084
2018-10-31,0.05045891301679087
2018-11-01,0.05217310042975129
2018-11-02,0.05217160862918358
2018-11-05,0.05203088409639255
2018-11-06,0.05223391663059077
2018-11-07,0.05264749222349898
2018-11-08,0.052737591303306804
2018-11-09,0.05267918527764157
2018-11-12,0.054248297564690344
2018-11-13,0.0543235678967544
2018-11-14,0.054784469742630494
2018-11-15,0.054297505929816844
2018-11-16,0.05364786940851065
2018-11-19,0.054033586760822525
2018-11-20,0.0540462357617066
2018-11-21,0.05409508081747643
2018-11-22,0.054089857215742485
2018-11-23,0.05428491920197683
2018-11-26,0.05452592620733661
2018-11-27,0.05293052207898443
2018-11-28,0.05291653831759538
2018-11-29,0.05286997443170151
2018-11-30,0.052845897044002256
2018-12-03,0.05347607851507805
2018-12-04,0.0553656198006264
2018-12-05,0.054522394101224024
2018-12-06,0.05418761234615201
2018-12-07,0.05430845970741191
2018-12-10,0.05450178364093818
2018-12-11,0.0545014082806705
2018-12-12,0.05462500607560158
2018-12-13,0.05470424381300898
2018-12-14,0.05471730673857228
2018-12-17,0.05453327872752633
2018-12-18,0.05482180752331831
2018-12-19,0.055414545410332534
2018-12-20,0.05534075197199832
2018-12-21,0.05540201821924124
2018-12-24,0.05529399598050762
2018-12-25,0.05456314847163968
2018-12-26,0.055547603388085766
2018-12-27,0.055547805206250626
2018-12-28,0.05564160205578704
2018-12-31,0.055801133727161584
2019-01-01,0.0556175596364653
2019-01-02,0.05472892526916831
2019-01-03,0.05602382254739041
2019-01-04,0.05765217525284958
2019-01-07,0.058683469399255506
2019-01-08,0.05788802015138551
2019-01-09,0.057856713666393264
2019-01-10,0.0578418731758704
2019-01-11,0.056040821751808106
2019-01-14,0.055505740365830745
2019-01-15,0.05551854274736299
2019-01-16,0.0543117996749498
2019-01-17,0.04989330441140782
2019-01-18,0.048572088322960914
2019-01-21,0.048164016799884656
2019-01-22,0.04859678414264587
2019-01-23,0.04806234488825852
2019-01-24,0.04659564363455255
2019-01-25,0.04704044999587764
2019-01-28,0.04824133620484747
2019-01-29,0.04835810748162553
2019-01-30,0.0533791582566531
2019-01-31,0.053684116965494036
2019-02-01,0.05366712603762102
2019-02-04,0.05201664468179219
2019-02-05,0.052136360218777676
2019-02-06,0.05160840437452839
2019-02-07,0.051573099261561374
2019-02-08,0.0513380451463536
2019-02-11,0.05026566407258849
2019-02-12,0.050278707856332844
2019-02-13,0.05014314554709045
2019-02-14,0.05015415434843053
2019-02-15,0.05006303193119607
2019-02-18,0.049886163125523277
2019-02-19,0.049558673330163255
2019-02-20,0.04953618662645491
2019-02-21,0.04953693415488069
2019-02-22,0.0495705022582971
2019-02-25,0.0476503097409655
2019-02-26,0.04523331865204807
2019-02-27,0.045431686289065285
2019-02-28,0.045423157911772996
2019-03-01,0.04378950346962065
2019-03-04,0.04372886225352534
2019-03-05,0.043728555989850135
2019-03-06,0.04410452786231478
2019-03-07,0.04395499471939275
2019-03-08,0.04395960403580155
2019-03-11,0.043619942000398905
2019-03-12,0.04349857822926388
2019-03-13,0.04240696175070624
2019-03-14,0.04251439883033236
2019-03-15,0.04177591320265741
2019-03-18,0.04168698311719212
2019-03-19,0.043874875913224316
2019-03-20,0.04310017046832164
2019-03-21,0.044014939657859395
2019-03-22,0.04475207759679085
2019-03-25,0.044677521250784634
2019-03-26,0.044722811465164346
2019-03-27,0.044936418514470514
2019-03-28,0.042813890570702666
2019-03-29,0.040708650672428445
2019-04-01,0.03969058506133159
2019-04-02,0.03970975576468744
2019-04-03,0.040714426760846655
2019-04-04,0.04054456512603978
2019-04-05,0.04047940283357769
2019-04-08,0.04056323235673348
2019-04-09,0.04111381343200461
2019-04-10,0.04087390402245477
2019-04-11,0.04079660337766737
2019-04-12,0.04071292180009781
2019-04-15,0.040823844160846244
2019-04-16,0.040248178582534926
2019-04-17,0.04034265077691687
2019-04-18,0.03988502586557951
2019-04-19,0.03943288239830026
2019-04-22,0.03777538571833349
2019-04-23,0.03717880418068116
2019-04-24,0.029218506308421755
2019-04-25,0.02868892292614871
2019-04-26,0.02869773277457627
2019-04-29,0.028627833949994335
2019-04-30,0.02822334049933919
2019-05-01,0.028536452802405254
2019-05-02,0.02905033461478351
2019-05-03,0.029010846726045904
2019-05-06,0.02929255302909977
2019-05-07,0.029544540344597716
2019-05-08,0.029594566551340483
2019-05-09,0.029569993205400588
2019-05-10,0.029617769711397682
2019-05-13,0.030827823875407428
2019-05-14,0.031206255452839938
2019-05-15,0.031218922759800278
2019-05-16,0.03126081808105474
2019-05-17,0.03130840711492484
2019-05-20,0.031540282570995684
2019-05-21,0.03155303379379211
2019-05-22,0.031260565219845764
2019-05-23,0.03171951291842767
2019-05-24,0.031714490359347064
2019-05-27,0.031654317751249744
2019-05-28,0.033812569638468
2019-05-29,0.033503457875464486
2019-05-30,0.03342398820764088
2019-05-31,0.03358504076701388
2019-06-03,0.033203045839465116
2019-06-04,0.03421126683777636
2019-06-05,0.0342027604403194
2019-06-06,0.03522860759107137
2019-06-07,0.03521517439619732
2019-06-10,0.03529097312671458
2019-06-11,0.03265775892485999
2019-06-12,0.032627321970952354
2019-06-13,0.03117691787428138
2019-06-14,0.030593723555074902
2019-06-17,0.030975237102377498
2019-06-18,0.0313524148276582
2019-06-19,0.03102495678755914
2019-06-20,0.03112395671194733
2019-06-21,0.03136039362717032
2019-06-24,0.031112671496967552
2019-06-25,0.0311288101504015
2019-06-26,0.029664378212941177
2019-06-27,0.029860860501931652
2019-06-28,0.029902389675606617
2019-07-01,0.030011379540602196
2019-07-02,0.029349316774939776
2019-07-03,0.029245107814114737
2019-07-04,0.02924291472918151
2019-07-05,0.02926099582437985
2019-07-08,0.02919288633414216
2019-07-09,0.029372425775984944
2019-07-10,0.029341591994236645
2019-07-11,0.029518231250410244
2019-07-12,0.029516321951839536
2019-07-15,0.02974240204077451
2019-07-16,0.029813205277779104
2019-07-17,0.029784967648186077
2019-07-18,0.02962858231139872
2019-07-19,0.029710543892365403
2019-07-22,0.029701479248947275
2019-07-23,0.029769212340733462
2019-07-24,0.029505836909188083
2019-07-25,0.028850202246301644
2019-07-26,0.028857156196834922
2019-07-29,0.028664679049206845
2019-07-30,0.028383508688775108
2019-07-31,0.0317119205540021
2019-08-01,0.03183120301287292
2019-08-02,0.031714098324072224
2019-08-05,0.03130931375938393
2019-08-06,0.031127283193994642
2019-08-07,0.031137089267055957
2019-08-08,0.03658253794365046
2019-08-09,0.0364771697932187
2019-08-12,0.036946248009305634
2019-08-13,0.036874833622189365
2019-08-14,0.03775232617782686
2019-08-15,0.037473870087682944
2019-08-16,0.03797594365070581
2019-08-19,0.03798431768674741
2019-08-20,0.03619996274706928
2019-08-21,0.03612152286924471
2019-08-22,0.03612148426395488
2019-08-23,0.037410600018992914
2019-08-26,0.03752864062240821
2019-08-27,0.036449796863441415
2019-08-28,0.036527277347290575
2019-08-29,0.03529069688416202
2019-08-30,0.03520647220355694
2019-09-02,0.03504730330519953
2019-09-03,0.03497457633831375
2019-09-04,0.03496597781634726
2019-09-05,0.03489745926070167
2019-09-06,0.03484987678565279
2019-09-09,0.03447219800593208
2019-09-10,0.03406483498094624
2019-09-11,0.03412291632618342
2019-09-12,0.034116021466295596
2019-09-13,0.03393017847977635
2019-09-16,0.03392825202356737
2019-09-17,0.033877845218171145
2019-09-18,0.03365786802075864
2019-09-19,0.03347818323329664
2019-09-20,0.03345752052936802
2019-09-23,0.033368106589668795
2019-09-24,0.03370597379309015
2019-09-25,0.033706503971997225
2019-09-26,0.0337068149014132
2019-09-27,0.03382680507364323
2019-09-30,0.03377017209771278
2019-10-01,0.033450954898105276
2019-10-02,0.03337423909791997
2019-10-03,0.03334293781122776
2019-10-04,0.033379098734314216
2019-10-07,0.03302048835955743
2019-10-08,0.03309694780108138
2019-10-09,0.033122758224280284
2019-10-10,0.03306220529136334
2019-10-11,0.03363316651905117
2019-10-14,0.03378484950075767
2019-10-15,0.03369225488450591
2019-10-16,0.033597480126039074
2019-10-17,0.03360146368586908
2019-10-18,0.033570597351660174
2019-10-21,0.03381982838659857
2019-10-22,0.03383974688469284
2019-10-23,0.03089830054699298
2019-10-24,0.030816194936433887
2019-10-25,0.030986186321868794
2019-10-28,0.030415556619012747
2019-10-29,0.030338430505378454
2019-10-30,0.030315029336455315
2019-10-31,0.023471568302165357
2019-11-01,0.023726084756463286
2019-11-04,0.023202686725813517
2019-11-05,0.023163686915725023
2019-11-06,0.021719523425664
2019-11-07,0.02154442454306535
2019-11-08,0.02067169442002156
2019-11-11,0.020652380019800444
2019-11-12,0.020377052274878626
2019-11-13,0.02018716078968213
2019-11-14,0.0203325362494303
2019-11-15,0.01741580482938662
2019-11-18,0.017628731961691506
2019-11-19,0.018025061912047044
2019-11-20,0.018006275578831256
2019-11-21,0.018629990300702965
2019-11-22,0.018702006869717777
2019-11-25,0.0187654194253077
2019-11-26,0.018820452429722797
2019-11-27,0.018838582578697728
2019-11-28,0.018760343949653865
2019-11-29,0.018275164571646605
2019-12-02,0.018360295839042477
2019-12-03,0.01828235564875339
2019-12-04,0.018206477628597704
2019-12-05,0.018175813713046142
2019-12-06,0.018123403857447488
2019-12-09,0.018346107681118457
2019-12-10,0.018383312846323507
2019-12-11,0.01814874077504057
2019-12-12,0.0203351419932338
2019-12-13,0.020913885479422998
2019-12-16,0.02105494386806151
2019-12-17,0.020303134038998142
2019-12-18,0.020413148829060947
2019-12-19,0.020399999525465513
2019-12-20,0.020193216562955113
2019-12-23,0.0203919358878986
2019-12-24,0.020391855433070257
2019-12-25,0.02018052467968413
2019-12-26,0.020187341000786032
2019-12-27,0.020312125848894864
2019-12-30,0.020469068548941552
2019-12-31,0.02003213317261199
2020-01-01,0.020059316034750377
2020-01-02,0.02146256714179744
2020-01-03,0.021013969712068484
2020-01-06,0.020944480573983806
2020-01-07,0.02098823727252694
2020-01-08,0.02108540618020648
2020-01-09,0.021185413516468635
2020-01-10,0.021346919144781387
2020-01-13,0.021076086168470804
2020-01-14,0.0209884448523961
2020-01-15,0.02093064052332466
2020-01-16,0.021046678531998854
2020-01-17,0.020925866595776787
2020-01-20,0.020742711700676306
2020-01-21,0.020455127384773675
2020-01-22,0.020447578174794527
2020-01-23,0.020333153654866425
2020-01-24,0.02060167301681254
2020-01-27,0.020443660755009457
2020-01-28,0.0205758985834849
2020-01-29,0.022287692982856454
2020-01-30,0.02245509591735486
2020-01-31,0.0230980123588263
2020-02-03,0.023197972755900135
2020-02-04,0.02340313806999952
2020-02-05,0.02330183578509685
2020-02-06,0.023272778071833717
2020-02-07,0.023278222487657412
2020-02-10,0.023707439616463266
2020-02-11,0.023595310400963992
2020-02-12,0.02354618235886642
2020-02-13,0.02294311788105418
2020-02-14,0.022887861978310234
2020-02-17,0.022858021090617957
2020-02-18,0.022787271541430638
2020-02-19,0.023075104254873573
2020-02-20,0.023493789483860206
2020-02-21,0.025539064672391157
2020-02-24,0.02780570981792558
2020-02-25,0.028191767288128906
2020-02-26,0.028112549818625442
2020-02-27,0.0299065068155949
2020-02-28,0.030173810768696383
2020-03-02,0.0304979102605412
2020-03-03,0.030561794321237852
2020-03-04,0.03174485867657514
2020-03-05,0.03081640024041554
2020-03-06,0.030457552799793834
2020-03-09,0.03390034995772016
2020-03-10,0.03442592570058171
2020-03-11,0.03439788513039801
2020-03-12,0.0400553500122738
2020-03-13,0.042751099413311594
2020-03-16,0.04554313992447698
2020-03-17,0.04662610247317311
2020-03-18,0.04740667350886337
2020-03-19,0.047477793541257064
2020-03-20,0.047470082448042766
2020-03-23,0.0479233320911284
2020-03-24,0.04982464259515585
2020-03-25,0.05003072764030979
2020-03-26,0.04989809527801216
2020-03-27,0.04994325535929661
2020-03-30,0.0500693665305994
2020-03-31,0.05049696629940705
2020-04-01,0.05074992534843608
2020-04-02,0.05071402532681189
2020-04-03,0.0509697806784856
2020-04-06,0.05294268891124996
2020-04-07,0.05292418936072212
2020-04-08,0.05302101360358494
2020-04-09,0.052931799432287034
2020-04-10,0.05284183580140879
2020-04-13,0.053273506197644864
2020-04-14,0.054155738706604103
2020-04-15,0.05414963060465345
2020-04-16,0.054324079914372034
2020-04-17,0.05420769289049051
2020-04-20,0.05411995324596721
2020-04-21,0.05491382586267536
2020-04-22,0.05473381812180274
2020-04-23,0.05464666438988113
2020-04-24,0.05440139893152199
2020-04-27,0.054348413001334285
2020-04-28,0.054295722681229515
2020-04-29,0.05448565555342325
2020-04-30,0.054562409763547884
2020-05-01,0.05493429042346538
2020-05-04,0.05497687576050827
2020-05-05,0.05485212369342416
2020-05-06,0.054851378633216194
2020-05-07,0.05482904582501113
2020-05-08,0.054885957833348986
2020-05-11,0.05522725364980118
2020-05-12,0.055298172956552726
2020-05-13,0.055220427038684516
2020-05-14,0.05542335288280032
2020-05-15,0.054630701087005414
2020-05-18,0.053575220551017946
2020-05-19,0.053419980777312956
2020-05-20,0.05344684922523
2020-05-21,0.05263215664871575
2020-05-22,0.05249832051282177
2020-05-25,0.05224395825396764
2020-05-26,0.05243965720211764
2020-05-27,0.051705500017444644
2020-05-28,0.05148588207312359
2020-05-29,0.05170614217619851
2020-06-01,0.04935288088103881
2020-06-02,0.049016568211950155
2020-06-03,0.04906797834907898
2020-06-04,0.04431202963857756
2020-06-05,0.04175664943519611
2020-06-08,0.038181911609421415
2020-06-09,0.03770924781245864
2020-06-10,0.03650071204932162
2020-06-11,0.038271428297834593
2020-06-12,0.038261891520275294
2020-06-15,0.03787162470845454
2020-06-16,0.03554344316923838
2020-06-17,0.03519708953419959
2020-06-18,0.03436824164033859
2020-06-19,0.03425010574748818
2020-06-22,0.03411195237905395
2020-06-23,0.033462508120242415
2020-06-24,0.0332525670091274
2020-06-25,0.033221560960213024
2020-06-26,0.03305305998773777
2020-06-29,0.029932129104456393
2020-06-30,0.030474964212775076
2020-07-01,0.030314596373240493
2020-07-02,0.030297771357271477
2020-07-03,0.030297771357271477
2020-07-06,0.029678731151308094
2020-07-07,0.028035765835393366
2020-07-08,0.028064869342792086
2020-07-09,0.02912570718128202
2020-07-10,0.02928672074046321
2020-07-13,0.029760018246805665
2020-07-14,0.02831268477428705
2020-07-15,0.027431933661827886
2020-07-16,0.027448768489156165
2020-07-17,0.027441978103539322
2020-07-20,0.02799940674465282
2020-07-21,0.0279240845276545
2020-07-22,0.02941449616856767
2020-07-23,0.029650332959067223
2020-07-24,0.034749450135578744
2020-07-27,0.03423028269113481
2020-07-28,0.034344070501348536
2020-07-29,0.037347098277492184
2020-07-30,0.03741973626846626
2020-07-31,0.037415045861605205
2020-08-03,0.037035374882182746
2020-08-04,0.038215424066592736
2020-08-05,0.03790315275678654
2020-08-06,0.037632358636943974
2020-08-07,0.03778533589814216
2020-08-10,0.0381145016784512
2020-08-11,0.03927733914593183
2020-08-12,0.040182288055314805
2020-08-13,0.03993212779000249
2020-08-14,0.03996742834327362
2020-08-17,0.039968965288693745
2020-08-18,0.039622386334201426
2020-08-19,0.039612874175341255
2020-08-20,0.03949702893214226
2020-08-21,0.039289594067758046
2020-08-24,0.039321611279527914
2020-08-25,0.03950925125545375
2020-08-26,0.03942297573803077
2020-08-27,0.03965142813149411
2020-08-28,0.03968629392937327
2020-08-31,0.0402194692470358
2020-09-01,0.03960921878743613
2020-09-02,0.039769202362547815
2020-09-03,0.03998076331658906
2020-09-04,0.04001463923745139
2020-09-07,0.039977930177564236
2020-09-08,0.04043577864450322
2020-09-09,0.04066759773279693
2020-09-10,0.0409981673487115
2020-09-11,0.041326448219611484
2020-09-14,0.04136601878292359
2020-09-15,0.04129197078835785
2020-09-16,0.04127865313228149
2020-09-17,0.04124367435425063
2020-09-18,0.04103346880209205
2020-09-21,0.041247004241289166
2020-09-22,0.040963613907317606
2020-09-23,0.041373915239881154
2020-09-24,0.041365599657506136
2020-09-25,0.04146257696121706
2020-09-28,0.04145233085477541
2020-09-29,0.04149561346722366
2020-09-30,0.04149876368909797
2020-10-01,0.04085413064450124
2020-10-02,0.04104303395955492
2020-10-05,0.040959898237056896
2020-10-06,0.04107569453900155
2020-10-07,0.041142829331010974
2020-10-08,0.041114576447347354
2020-10-09,0.04157060773497176
2020-10-12,0.0413114072852854
2020-10-13,0.0412731228088457
2020-10-14,0.04018207357428088
2020-10-15,0.03988021362639203
2020-10-16,0.034887887288061636
2020-10-19,0.03493862107129694
2020-10-20,0.034828070106986415
2020-10-21,0.031629891764123924
2020-10-22,0.03143700284342636
2020-10-23,0.031663506895624624
2020-10-26,0.03166373999102803
2020-10-27,0.02986551687897249
2020-10-28,0.03012034159754401
2020-10-29,0.030174379831280553
2020-10-30,0.030383213004167697
2020-11-02,0.030150759954581306
2020-11-03,0.029071648480760378
2020-11-04,0.02862513643400084
2020-11-05,0.028718577368385605
2020-11-06,0.02903346303004829
2020-11-09,0.029303289704884772
2020-11-10,0.03042097795485649
2020-11-11,0.030889111059968326
2020-11-12,0.030785948561125123
2020-11-13,0.030746725257119762
2020-11-16,0.03094237870789289
2020-11-17,0.03053145581506278
2020-11-18,0.030552359860767875
2020-11-19,0.030721729242702566
2020-11-20,0.03063605318354282
2020-11-23,0.02963072648099877
2020-11-24,0.02955767932417565
2020-11-25,0.02955304632027213
2020-11-26,0.02718424408878151
2020-11-27,0.027173936153115367
2020-11-30,0.028249313713692974
2020-12-01,0.027672679147301503
2020-12-02,0.027263423408718405
2020-12-03,0.026890149326447923
2020-12-04,0.026531506075143162
2020-12-07,0.026442775343810662
2020-12-08,0.02648373147160458
2020-12-09,0.026585009944018356
2020-12-10,0.0266749772501526
2020-12-11,0.026485962207523084
2020-12-14,0.02636246824448121
2020-12-15,0.026488690285176947
2020-12-16,0.02590571437984521
2020-12-17,0.0258771812263313
2020-12-18,0.02572406166718845
2020-12-21,0.025975608057830692
2020-12-22,0.025757616038170606
2020-12-23,0.025881490793371157
2020-12-24,0.025526652179319306
2020-12-25,0.025034679606270795
2020-12-28,0.024166608450150447
2020-12-29,0.024065819716526497
2020-12-30,0.023954046792521243
2020-12-31,0.023969588817492667
2021-01-01,0.023352658610704614
2021-01-04,0.023303104214565433
2021-01-05,0.023269874421988
2021-01-06,0.023482706190225633
2021-01-07,0.024307060025543423
2021-01-08,0.024330105403699415
2021-01-11,0.024456865505073935
2021-01-12,0.024606734483851877
2021-01-13,0.024828594591467818
2021-01-14,0.024887831186203153
2021-01-15,0.024904306486374025
2021-01-18,0.024903305801818845
2021-01-19,0.024312165807219642
2021-01-20,0.023936498122249576
2021-01-21,0.024098870080283177
2021-01-22,0.023606948464647698
2021-01-25,0.02360004533612975
2021-01-26,0.023440896088386887
2021-01-27,0.02382310272527878
2021-01-28,0.023788685541374997
2021-01-29,0.02355769871000281
2021-02-01,0.023351554142841676
2021-02-02,0.021809012656214107
2021-02-03,0.021256067783781786
2021-02-04,0.021244756609167234
2021-02-05,0.02122929162601252
2021-02-08,0.02153693711935948
2021-02-09,0.021546022929706355
2021-02-10,0.021571316532418415
2021-02-11,0.021110805784993827
2021-02-12,0.021095374401409177
2021-02-15,0.021080794139207572
2021-02-16,0.021350742479995802
2021-02-17,0.021343352660518185
2021-02-18,0.021432978729925726
2021-02-19,0.02146328130205267
2021-02-22,0.02086874554488564
2021-02-23,0.020882781962445373
2021-02-24,0.021105846172685808
2021-02-25,0.02208482101711614
2021-02-26,0.022201964166831078
2021-03-01,0.022412195968190038
2021-03-02,0.022603359464632294
2021-03-03,0.022755814479318508
2021-03-04,0.023075526931365314
2021-03-05,0.023130591370761684
2021-03-08,0.023789809758509414
2021-03-09,0.024928462242951886
2021-03-10,0.024957727163091716
2021-03-11,0.02579151603086464
2021-03-12,0.025777001651244847
2021-03-15,0.025687769647100917
2021-03-16,0.025695602540324828
2021-03-17,0.025615353718057794
2021-03-18,0.026551953710821707
2021-03-19,0.026617321493576485
2021-03-22,0.026719205286828553
2021-03-23,0.026848289596421732
2021-03-24,0.02685812830686763
2021-03-25,0.02685493157285948
2021-03-26,0.02695935341716817
2021-03-29,0.026932139477589018
2021-03-30,0.026954096108599012
2021-03-31,0.027164338487757077
2021-04-01,0.026610259414729446
2021-04-02,0.026608541649524826
2021-04-05,0.026324150186923148
2021-04-06,0.026235539716866544
2021-04-07,0.025856325167177785
2021-04-08,0.02590744090156655
2021-04-09,0.025668666497269177
2021-04-12,0.026491157539314494
2021-04-13,0.0265678784096933
2021-04-14,0.026668443657534922
2021-04-15,0.027354865697950256
2021-04-16,0.02730320861810269
2021-04-19,0.02725182075875199
2021-04-20,0.027354359532904618
2021-04-21,0.026459982518403025
2021-04-22,0.026693233795772504
2021-04-23,0.027250363378561716
2021-04-26,0.027392466912657884
2021-04-27,0.0273313226663568
2021-04-28,0.027353900136409134
2021-04-29,0.027353984075817763
2021-04-30,0.02757262116442678
2021-05-03,0.02744633270947777
2021-05-04,0.02744544429751358
2021-05-05,0.027357916009219333
2021-05-06,0.027350027379073792
2021-05-07,0.02734851550436789
2021-05-10,0.02768559593911373
2021-05-11,0.027602523026325987
2021-05-12,0.02775020861084892
2021-05-13,0.02780749046315668
2021-05-14,0.027917783061048803
2021-05-17,0.027286001309957682
2021-05-18,0.027277692045655416
2021-05-19,0.027246470038340492
2021-05-20,0.026601548678512353
2021-05-21,0.026414859796231264
2021-05-24,0.02624308991136083
2021-05-25,0.02605704620897673
2021-05-26,0.02558091592461405
2021-05-27,0.025071717168132075
2021-05-28,0.025185183213686575
2021-05-31,0.023915430362208234
2021-06-01,0.02267089506545066
2021-06-02,0.022669884315517443
2021-06-03,0.02202451498427299
2021-06-04,0.02212230809715871
2021-06-07,0.022003607349751333
2021-06-08,0.022010412307843674
2021-06-09,0.022057429786538515
2021-06-10,0.02096593137229793
2021-06-11,0.020919066547708975
2021-06-14,0.02082797695354169
2021-06-15,0.020658221036304696
2021-06-16,0.020407952484224966
2021-06-17,0.02152636352211029
2021-06-18,0.021450483724767194
2021-06-21,0.021705886305400362
2021-06-22,0.02164620334794593
2021-06-23,0.021266914255669695
2021-06-24,0.02113833807219982
2021-06-25,0.02115513111687938
2021-06-28,0.021252104481179843
2021-06-29,0.02152530835566861
2021-06-30,0.02232871597385083
2021-07-01,0.022304048577784317
2021-07-02,0.022333601872755852
2021-07-05,0.021179178419115742
2021-07-06,0.021069756247184268
2021-07-07,0.02166067724406056
2021-07-08,0.020562369303276973
2021-07-09,0.020557030030543422
2021-07-12,0.020473055190572135
2021-07-13,0.020240796521922254
2021-07-14,0.02002607962161241
2021-07-15,0.019834568021974176
2021-07-16,0.01904109056555771
2021-07-19,0.018631904579485065
2021-07-20,0.018644057563388577
2021-07-21,0.018836269304008786
2021-07-22,0.0189904159827547
2021-07-23,0.018634562222561372
2021-07-26,0.017883745615419482
2021-07-27,0.01794124908485663
2021-07-28,0.02004628846279015
2021-07-29,0.020907601555315247
2021-07-30,0.02116429539841591
2021-08-02,0.020572219619173784
2021-08-03,0.020915282444652385
2021-08-04,0.021269713580535986
2021-08-05,0.022494761725597053
2021-08-06,0.022699287132771626
2021-08-09,0.023011591436287466
2021-08-10,0.02308059081936651
2021-08-11,0.022973182579898575
2021-08-12,0.02295049875910439
2021-08-13,0.023213594533757154
2021-08-16,0.023627384744304335
2021-08-17,0.023635240854674416
2021-08-18,0.024321075685748365
2021-08-19,0.024318086636976648
2021-08-20,0.02423158159235921
2021-08-23,0.024620773642869402
2021-08-24,0.02469527116399031
2021-08-25,0.024664597947828028
2021-08-26,0.024509663037769455
2021-08-27,0.024836485935092554
2021-08-30,0.024826456202210932
2021-08-31,0.024824499448521446
2021-09-01,0.024775924915306072
2021-09-02,0.024753496284145252
2021-09-03,0.024732404540740067
2021-09-06,0.0247395264607708
2021-09-07,0.024673772087533914
2021-09-08,0.025005701058501938
2021-09-09,0.024156813694971958
2021-09-10,0.02421085147852826
2021-09-13,0.023946689637287893
2021-09-14,0.023932661138919568
2021-09-15,0.02394155535389214
2021-09-16,0.023752579820883475
2021-09-17,0.02395760679455737
2021-09-20,0.02411897670289143
2021-09-21,0.02393020600525746
2021-09-22,0.023228878404479895
2021-09-23,0.023282563651097963
2021-09-24,0.023233207900234615
2021-09-27,0.023377596702830593
2021-09-28,0.02485902222658597
2021-09-29,0.024251215025439147
2021-09-30,0.024395877485281773
2021-10-01,0.02437081336505493
2021-10-04,0.024545643350937372
2021-10-05,0.024579781542250205
2021-10-06,0.024577438973285314
2021-10-07,0.02452043079498957
2021-10-08,0.024532648354410595
2021-10-11,0.024541255677666914
2021-10-12,0.02453825703577054
2021-10-13,0.024786022421696446
2021-10-14,0.024860993895069267
2021-10-15,0.024846348901301055
2021-10-18,0.025222588315706146
2021-10-19,0.025176672333335447
2021-10-20,0.023493709437428005
2021-10-21,0.022856325794360668
2021-10-22,0.02254907945834547
2021-10-25,0.022523093603632912
2021-10-26,0.02209200314042301
2021-10-27,0.021014443197456774
2021-10-28,0.01973150869769891
2021-10-29,0.019567587345995417
2021-11-01,0.019938295007224546
2021-11-02,0.01997748546636666
2021-11-03,0.02010817344260506
2021-11-04,0.020980265634270464
2021-11-05,0.020586293321307434
2021-11-08,0.023434624288639704
2021-11-09,0.023495143153953728
2021-11-10,0.024433117907414193
2021-11-11,0.024915775394469486
2021-11-12,0.024928826767348058
2021-11-15,0.024626347917937566
2021-11-16,0.0249486497735722
2021-11-17,0.025005915988876193
2021-11-18,0.02503725310562289
2021-11-19,0.024693440461907665
2021-11-22,0.024880373596085546
2021-11-23,0.025012132546422625
2021-11-24,0.0256611087346942
2021-11-25,0.025614979786382868
2021-11-26,0.0258216368439971
2021-11-29,0.026298190116099057
2021-11-30,0.02650047228305185
2021-12-01,0.02752021999836044
2021-12-02,0.027516235482551325
2021-12-03,0.02823697287584855
2021-12-06,0.028689222600545846
2021-12-07,0.02906127851267322
2021-12-08,0.029050875932889395
2021-12-09,0.029927906920213014
2021-12-10,0.029723369538216367
2021-12-13,0.029955402379377553
2021-12-14,0.02995978709212067
2021-12-15,0.03137252156943058
2021-12-16,0.03230020283346376
2021-12-17,0.03231550358294629
2021-12-20,0.032319190582087064
2021-12-21,0.031906532286465186
2021-12-22,0.03184410901430183
2021-12-23,0.031771081969794245
2021-12-24,0.03175219660126934
2021-12-27,0.03216905007500844
2021-12-28,0.03221218224078607
2021-12-29,0.03257261065355254
2021-12-30,0.032642194012956434
2021-12-31,0.03260459287192041
2022-01-03,0.03294571783435741
2022-01-04,0.03346523236516587
2022-01-05,0.03418502707491291
2022-01-06,0.03406557695941642
2022-01-07,0.0343601825122603
2022-01-10,0.03405265048951001
2022-01-11,0.03438920952001778
2022-01-12,0.03438859257669657
2022-01-13,0.034603894374957186
2022-01-14,0.0348041754921126
2022-01-17,0.03471780182415807
2022-01-18,0.03507272868994422
2022-01-19,0.03526754436039004
2022-01-20,0.035876415646264356
2022-01-21,0.03601643082578862
2022-01-24,0.035692905441957926
2022-01-25,0.036084407528136804
2022-01-26,0.03593777308267262
2022-01-27,0.036430716402334654
2022-01-28,0.036636046318318294
2022-01-31,0.03600566873102274
2022-02-01,0.03616322396480264
2022-02-02,0.035990456869137676
2022-02-03,0.03558509122298507
2022-02-04,0.03576839626612136
2022-02-07,0.035760915464695966
2022-02-08,0.03568969427957672
2022-02-09,0.03602419120904946
2022-02-10,0.036486167804967794
2022-02-11,0.038776825502180735
2022-02-14,0.038782467522414814
2022-02-15,0.03966599452859496
2022-02-16,0.03916714608255427
2022-02-17,0.03952294054353178
2022-02-18,0.03955427489861333
2022-02-21,0.03901411106945458
2022-02-22,0.03905423396684029
2022-02-23,0.0388769562855139
2022-02-24,0.0397446142942093
2022-02-25,0.03973298692122373
2022-02-28,0.03960205779346044
2022-03-01,0.04045861757712149
2022-03-02,0.04081909886215777
2022-03-03,0.04090720246941816
2022-03-04,0.041066167315053914
2022-03-07,0.041335933789172385
2022-03-08,0.04144473995823003
2022-03-09,0.04069990522879044
2022-03-10,0.04046131205308645
2022-03-11,0.040514620730421294
2022-03-14,0.040542950517126086
2022-03-15,0.04073063699079667
2022-03-16,0.041422328302306397
2022-03-17,0.04150739296722851
2022-03-18,0.041585719685972175
2022-03-21,0.04100420118022594
2022-03-22,0.04100760181195531
2022-03-23,0.040848753116864124
2022-03-24,0.04153037693306564
2022-03-25,0.04152744940266473
2022-03-28,0.04109734937257137
2022-03-29,0.040983720707430484
2022-03-30,0.04051430723898422
2022-03-31,0.04194721068546134
2022-04-01,0.041798094023896566
2022-04-04,0.04191797488153595
2022-04-05,0.041732494530583024
2022-04-06,0.041857843177913974
2022-04-07,0.04167262413790917
2022-04-08,0.04151720611706279
2022-04-11,0.04170996375208029
2022-04-12,0.04157711680470951
2022-04-13,0.04168147595646593
2022-04-14,0.0416453219932345
2022-04-15,0.04155656359484816
2022-04-18,0.041540278583169235
2022-04-19,0.041382965153051864
2022-04-20,0.04154264700747721
2022-04-21,0.04080622382275412
2022-04-22,0.0407008428017519
2022-04-25,0.039367371622246065
2022-04-26,0.039945591494352076
2022-04-27,0.03928489719499559
2022-04-28,0.03998871399187813
2022-04-29,0.040103593362184484
2022-05-02,0.040729843616562976
2022-05-03,0.04044803846037638
2022-05-04,0.04186298317465899
2022-05-05,0.04191848380612892
2022-05-06,0.03985668951312764
2022-05-09,0.04170159926541493
2022-05-10,0.04101772743915936
2022-05-11,0.04087518090844913
2022-05-12,0.04051886867465827
2022-05-13,0.04220329882348445
2022-05-16,0.04220918520623504
2022-05-17,0.04361311023719274
2022-05-18,0.043827865243831955
2022-05-19,0.043057598049224065
2022-05-20,0.04289649776035716
2022-05-23,0.0428790709488096
2022-05-24,0.04200711675437882
2022-05-25,0.041727825902358316
2022-05-26,0.042091891651616656
2022-05-27,0.042167680441368253
2022-05-30,0.0416389376839043
2022-05-31,0.041513086686495566
2022-06-01,0.04096190433168682
2022-06-02,0.04163792845074386
2022-06-03,0.041644165483174574
2022-06-06,0.0415699466522982
2022-06-07,0.04064723220325936
2022-06-08,0.04021546304459919
2022-06-09,0.0401964610936346
2022-06-10,0.040439701080344705
2022-06-13,0.04170475605695725
2022-06-14,0.04170379705573025
2022-06-15,0.04189094698128437
2022-06-16,0.04239598362725821
2022-06-17,0.04239592400456971
2022-06-20,0.0423791969801836
2022-06-21,0.04240862795311397
2022-06-22,0.04226998169424416
2022-06-23,0.040949578135591136
2022-06-24,0.041656372667766645
2022-06-27,0.041535389482198544
2022-06-28,0.04208758186277549
2022-06-29,0.042146025295992186
2022-06-30,0.04218402390532361
2022-07-01,0.04229925797392914
2022-07-04,0.042103043794154096
2022-07-05,0.04215213441888783
2022-07-06,0.0419596472332618
2022-07-07,0.04214193713221374
2022-07-08,0.04214269166376777
2022-07-11,0.04226878099637836
2022-07-12,0.04201850270308958
2022-07-13,0.041942969549987656
2022-07-14,0.0416297861761485
2022-07-15,0.041792730810129845
2022-07-18,0.041614697440292676
2022-07-19,0.04142381783948779
2022-07-20,0.04174750790546874
2022-07-21,0.04122458421347546
2022-07-22,0.040995694004913145
2022-07-25,0.040499805766123824
2022-07-26,0.04059103397099481
2022-07-27,0.0395437809582628
2022-07-28,0.03895617492621112
2022-07-29,0.03910203866895659
2022-08-01,0.03700476622675966
2022-08-02,0.03698831034867487
2022-08-03,0.037005444835609975
2022-08-04,0.037664544248324036
2022-08-05,0.03601620136140718
2022-08-08,0.03611773642110169
2022-08-09,0.03495259386164962
2022-08-10,0.03433803562350063
2022-08-11,0.034358357101714185
2022-08-12,0.03424455099034989
2022-08-15,0.03418501013708052
2022-08-16,0.033739168040880674
2022-08-17,0.033791028750346994
2022-08-18,0.03289237738545204
2022-08-19,0.03310011043554472
2022-08-22,0.03335455458163156
2022-08-23,0.03335439276245439
2022-08-24,0.033352939641288284
2022-08-25,0.03262851473248262
2022-08-26,0.03350506713230547
2022-08-29,0.033688677357408
2022-08-30,0.03374220276921307
2022-08-31,0.033633808116126526
2022-09-01,0.03362672619342731
2022-09-02,0.033389046912825134
2022-09-05,0.03154294766391334
2022-09-06,0.0316256353892652
2022-09-07,0.03146065992924806
2022-09-08,0.02996336238077319
2022-09-09,0.030227670670442273
2022-09-12,0.03025680149672144
2022-09-13,0.032435765059026136
2022-09-14,0.03244760948616025
2022-09-15,0.032412823611949186
2022-09-16,0.0315653247526578
2022-09-19,0.03155347568990167
2022-09-20,0.030565981907792368
2022-09-21,0.03026473353372498
2022-09-22,0.03144168717903488
2022-09-23,0.031212922676126117
2022-09-26,0.03135780157834195
2022-09-27,0.031282056849099425
2022-09-28,0.03137915861515581
2022-09-29,0.031609835421582036
2022-09-30,0.03162472731684593
2022-10-03,0.031976942406408915
2022-10-04,0.0321906143956144
2022-10-05,0.03211492375742519
2022-10-06,0.0320461966033877
2022-10-07,0.03692918656103506
2022-10-10,0.03691469836463063
2022-10-11,0.03609818093407739
2022-10-12,0.03559306451872476
2022-10-13,0.03559643801380248
2022-10-14,0.035912965850147985
2022-10-17,0.036340396095626275
2022-10-18,0.03625671187203372
2022-10-19,0.03543416620530191
2022-10-20,0.035315659465125854
2022-10-21,0.03513062414135017
2022-10-24,0.03488742566303998
2022-10-25,0.03532321846469046
2022-10-26,0.03542085255474594
2022-10-27,0.03437060869385982
2022-10-28,0.03540251322658947
2022-10-31,0.035489880821328285
2022-11-01,0.03514122808941728
2022-11-02,0.034683466851890256
2022-11-03,0.03495447198738851
2022-11-04,0.03508148109215653
2022-11-07,0.03517708842615566
2022-11-08,0.03527148508228842
2022-11-09,0.03597631683639077
2022-11-10,0.04019234421563774
2022-11-11,0.04063238097414217
2022-11-14,0.04054608147108006
2022-11-15,0.04090334908964781
2022-11-16,0.04132445921995465
2022-11-17,0.04087247299394079
2022-11-18,0.040127753509873985
2022-11-21,0.040008506525253174
2022-11-22,0.040310966662726946
2022-11-23,0.04027155893303558
2022-11-24,0.040096061238658325
2022-11-25,0.040019185418538175
2022-11-28,0.0401507501490956
2022-11-29,0.04008753130189821
2022-11-30,0.04073752355556469
2022-12-01,0.04040680857147443
2022-12-02,0.04037664076613034
2022-12-05,0.040419604402510405
2022-12-06,0.039027942577455454
2022-12-07,0.039017227031287245
2022-12-08,0.039009100536567205
2022-12-09,0.0391492921876707
2022-12-12,0.039357790138653495
2022-12-13,0.03932848255798428
2022-12-14,0.03961449471474633
2022-12-15,0.03886614308663724
2022-12-16,0.038821104265178104
2022-12-19,0.03872506778788841
2022-12-20,0.03869762533026353
2022-12-21,0.038976489765296995
2022-12-22,0.03882758705278297
2022-12-23,0.03881685737974248
2022-12-26,0.03841975924995083
2022-12-27,0.03833048606796462
2022-12-28,0.03835116643472635
2022-12-29,0.038642745510272414
2022-12-30,0.033362777400017564
2023-01-02,0.03332297704725191
2023-01-03,0.03336288912329976
2023-01-04,0.033378708651455605
2023-01-05,0.03367010935811458
2023-01-06,0.0330836687243525
2023-01-09,0.03338310019840366
2023-01-10,0.033402778837143314
2023-01-11,0.03338196553185255
2023-01-12,0.03349093888504131
2023-01-13,0.0334358978272435
2023-01-16,0.03343157578764972
2023-01-17,0.03296145708102838
2023-01-18,0.03278737694562418
2023-01-19,0.033150477712898245
2023-01-20,0.03265434901934942
2023-01-23,0.034182559179910615
2023-01-24,0.03435012325907217
2023-01-25,0.03423798923523025
2023-01-26,0.034128471977019736
2023-01-27,0.03389593444179605
2023-01-30,0.03431576594413672
2023-01-31,0.034578687537117375
2023-02-01,0.03661671817541152
2023-02-02,0.03294202833891328
2023-02-03,0.03246426759475156
2023-02-06,0.03266645159794562
2023-02-07,0.0324852055661677
2023-02-08,0.0318587175511355
2023-02-09,0.03191095582546642
2023-02-10,0.03203876406598505
2023-02-13,0.032046724075595265
2023-02-14,0.03196872183686519
2023-02-15,0.0319550169365612
2023-02-16,0.03299165319482217
2023-02-17,0.033023887598245705
2023-02-20,0.032833117361381566
2023-02-21,0.032971465559770374
2023-02-22,0.03215969555018977
2023-02-23,0.032578289079190595
2023-02-24,0.03240957325786951
2023-02-27,0.03232878940859454
2023-02-28,0.03172144695210106
2023-03-01,0.03172600466193736
2023-03-02,0.031891585204063086
2023-03-03,0.031689365278678966
2023-03-06,0.031502943315759493
2023-03-07,0.031490977985882046
2023-03-08,0.03137369932407301
2023-03-09,0.03106099862659572
2023-03-10,0.03105359141051957
2023-03-13,0.031017774899227937
2023-03-14,0.03197709424914009
2023-03-15,0.031764973172604405
2023-03-16,0.03192864009908328
2023-03-17,0.03193467720355845
2023-03-20,0.0320028096788822
2023-03-21,0.03188547481475541
2023-03-22,0.03182238975924477
2023-03-23,0.031719641358757406
2023-03-24,0.03195234501988719
2023-03-27,0.032052046888637976
2023-03-28,0.0321716963699641
2023-03-29,0.03219242131357366
2023-03-30,0.03171897352813454
2023-03-31,0.031637039285710475
2023-04-03,0.03125284326991087
2023-04-04,0.031288857841255326
2023-04-05,0.03170477054479369
2023-04-06,0.031603851763373735
2023-04-07,0.03160841483135203
2023-04-10,0.03180270212377087
2023-04-11,0.03190626060004545
2023-04-12,0.03194353158738407
2023-04-13,0.03140157236626644
2023-04-14,0.031186278077109542
2023-04-17,0.02934736211756021
2023-04-18,0.02913928771388947
2023-04-19,0.029139742907802236
2023-04-20,0.02914010014342203
2023-04-21,0.02927618788302262
2023-04-24,0.028787940969249814
2023-04-25,0.029080431175618506
2023-04-26,0.024900572198405517
2023-04-27,0.024384708316713244
2023-04-28,0.024317457529597474
2023-05-01,0.024019310779325183
2023-05-02,0.023792417432232073
2023-05-03,0.02685918302089129
2023-05-04,0.027852531127282032
2023-05-05,0.02808492525829288
2023-05-08,0.028865953436031953
2023-05-09,0.02857583919590458
2023-05-10,0.02864171066412749
2023-05-11,0.027386941624516003
2023-05-12,0.027375730379206802
2023-05-15,0.02748140732159973
2023-05-16,0.027685763445703674
2023-05-17,0.02776221343270538
2023-05-18,0.027747972542887713
2023-05-19,0.027727894729819978
2023-05-22,0.027794939626551017
2023-05-23,0.02778216352747312
2023-05-24,0.027761945459169952
2023-05-25,0.03052476200688028
2023-05-26,0.03112036840436144
2023-05-29,0.031097116724040197
2023-05-30,0.03121420181457778
2023-05-31,0.03203353720295424
2023-06-01,0.031917933141094805
2023-06-02,0.0318875078734488
2023-06-05,0.031843119475288915
2023-06-06,0.031502934633955655
2023-06-07,0.03229345611832936
2023-06-08,0.03111613780899498
2023-06-09,0.031301081132346656
2023-06-12,0.03146988921548766
2023-06-13,0.03187633786588627
2023-06-14,0.03191833430281528
2023-06-15,0.031990944410945514
2023-06-16,0.03217075249616767
2023-06-19,0.03209520819084088
2023-06-20,0.031974722704685724
2023-06-21,0.03294331248672715
2023-06-22,0.032933874603906094
2023-06-23,0.032951232160138906
2023-06-26,0.03303760814078706
2023-06-27,0.03316772615959628
2023-06-28,0.03280686239830344
2023-06-29,0.032814307970483986
2023-06-30,0.032919274083534185
2023-07-03,0.03275242980713758
2023-07-04,0.03266522107981251
2023-07-05,0.032644032770425366
2023-07-06,0.03264948418755462
2023-07-07,0.03264613045059359
2023-07-10,0.03249117762607857
2023-07-11,0.032633255701780196
2023-07-12,0.03279480259989481
2023-07-13,0.03280809255439963
2023-07-14,0.0326735943047902
2023-07-17,0.03268153045438628
2023-07-18,0.03206332183870804
2023-07-19,0.03204663349283552
2023-07-20,0.032911930390929704
2023-07-21,0.03282922089481392
2023-07-24,0.03284052710802814
2023-07-25,0.0329211327465964
2023-07-26,0.030433548423690098
2023-07-27,0.02959233721388055
2023-07-28,0.02933185890940021
2023-07-31,0.02853979533239354
2023-08-01,0.028711314842207042
2023-08-02,0.03026044648043339
2023-08-03,0.030543325628982203
2023-08-04,0.03052429435769728
2023-08-07,0.030431153285546478
2023-08-08,0.030329429852593893
2023-08-09,0.03040031087903284
2023-08-10,0.029980042268282985
2023-08-11,0.03003929479180092
2023-08-14,0.03037068816415063
2023-08-15,0.030381285222800005
2023-08-16,0.030786004911892716
2023-08-17,0.027639451095506768
2023-08-18,0.026682152450976823
2023-08-21,0.02694197960798623
2023-08-22,0.027043526255747977
2023-08-23,0.02648877940282652
2023-08-24,0.027977362214700624
2023-08-25,0.027954907513694158
2023-08-28,0.027962694573160002
2023-08-29,0.027411267197247242
2023-08-30,0.026626648254412237
2023-08-31,0.026371506403611966
2023-09-01,0.026444098704359188
2023-09-04,0.026025250788642783
2023-09-05,0.025706243677138717
2023-09-06,0.025550864548491405
2023-09-07,0.02555611599903944
2023-09-08,0.025221590743499982
2023-09-11,0.02522901567972632
2023-09-12,0.025211390244530098
2023-09-13,0.02426597512570847
2023-09-14,0.02424665309579838
2023-09-15,0.025043324324019046
2023-09-18,0.024912502963706885
2023-09-19,0.02466712029494452
2023-09-20,0.024709380747422346
2023-09-21,0.025235737377398912
2023-09-22,0.02500587314851356
2023-09-25,0.024953900110753786
2023-09-26,0.024997084562873664
2023-09-27,0.025139895602042803
2023-09-28,0.025928619776613256
2023-09-29,0.025929813654586367
2023-10-02,0.025932553353068957
2023-10-03,0.026109291887694636
2023-10-04,0.02634508331850377
2023-10-05,0.026315642067252
2023-10-06,0.026899579680910404
2023-10-09,0.02674963173674346
2023-10-10,0.026879957346679955
2023-10-11,0.026846401658357992
2023-10-12,0.025924316902954176
2023-10-13,0.02628503940945155
2023-10-16,0.026343987773341307
2023-10-17,0.026226766972996824
2023-10-18,0.026270078521555863
2023-10-19,0.02623900477075713
2023-10-20,0.02613821799535252
2023-10-23,0.026150065859375116
2023-10-24,0.025973819146428535
2023-10-25,0.025314353041702025
2023-10-26,0.02502910645222926
2023-10-27,0.025142206552237242
2023-10-30,0.02509645966919811
2023-10-31,0.02506431499997284
2023-11-01,0.02771450981214183
2023-11-02,0.027714272646451106
2023-11-03,0.028016873247636107
2023-11-06,0.027539659935398277
2023-11-07,0.027598178635356095
2023-11-08,0.027134148685398995
2023-11-09,0.026904002924278688
2023-11-10,0.027441950161225838
2023-11-13,0.027347488461470785
2023-11-14,0.027328859545773646
2023-11-15,0.027077049019890477
2023-11-16,0.025352291962073514
2023-11-17,0.025356270902270203
2023-11-20,0.025363567017165384
2023-11-21,0.025238278254139993
2023-11-22,0.025451339691383402
2023-11-23,0.025415915169207
2023-11-24,0.025065669427494098
2023-11-27,0.025064755917500642
2023-11-28,0.025045202445834795
2023-11-29,0.025022352715014108
2023-11-30,0.024970988889806152
2023-12-01,0.02495489147207686
2023-12-04,0.02514700117306157
2023-12-05,0.025149860340510477
2023-12-06,0.025077794153043603
2023-12-07,0.02774841785447159
2023-12-08,0.02687886491140015
2023-12-11,0.02731131972579473
2023-12-12,0.027373579507424133
2023-12-13,0.02727592436520956
2023-12-14,0.026543075002100514
2023-12-15,0.0265361471275979
2023-12-18,0.02654364155211745
2023-12-19,0.026407674085380264
2023-12-20,0.026831765386813426
2023-12-21,0.02651725117919993
2023-12-22,0.026527881898601828
2023-12-25,0.026535907401283337
2023-12-26,0.026246274693049253
2023-12-27,0.02593794258131143
2023-12-28,0.025892163653340777
2023-12-29,0.02554965210328941
2024-01-01,0.02553863951092875
2024-01-02,0.02690016562627916
2024-01-03,0.02710700593728612
2024-01-04,0.027107436765427192
2024-01-05,0.026700718960968213
2024-01-08,0.02741565259623654
2024-01-09,0.027387307956591642
2024-01-10,0.02704937123477554
2024-01-11,0.027073948523825744
2024-01-12,0.027110033661742864
2024-01-15,0.0269406599788689
2024-01-16,0.02853788049181888
2024-01-17,0.027265457841000183
2024-01-18,0.02691640684024883
2024-01-19,0.0278798929152923
2024-01-22,0.028442663822364152
2024-01-23,0.028395837031248615
2024-01-24,0.026960117257837087
2024-01-25,0.026928742474610832
2024-01-26,0.026806336860345836
2024-01-29,0.02676584594285745
2024-01-30,0.02725719332516991
2024-01-31,0.02757325924906934
2024-02-01,0.02758579151819892
2024-02-02,0.027526177991901272
2024-02-05,0.027588435490059463
2024-02-06,0.028037263895209965
2024-02-07,0.027939497160595586
2024-02-08,0.02798370838353108
2024-02-09,0.02803046508417119
2024-02-12,0.028055116961749095
2024-02-13,0.027875993006320137
2024-02-14,0.028100256781977105
2024-02-15,0.028176912288516973
2024-02-16,0.028311001152465626
2024-02-19,0.028318398007537222
2024-02-20,0.029133750109401054
2024-02-21,0.02915643891514042
2024-02-22,0.031509665972524886
2024-02-23,0.0318565873044398
2024-02-26,0.031640792034648084
2024-02-27,0.03162791067054562
2024-02-28,0.03158046442164527
2024-02-29,0.03123830437366072
2024-03-01,0.03175774084417746
2024-03-04,0.03145014709673399
2024-03-05,0.0313923749271708
2024-03-06,0.03149425610899022
2024-03-07,0.03147839485523473
2024-03-08,0.031658422814850484
2024-03-11,0.032321018422841956
2024-03-12,0.03238369514986621
2024-03-13,0.03252197499507627
2024-03-14,0.03288271361511061
2024-03-15,0.03293610410256902
2024-03-18,0.03294305292542136
2024-03-19,0.03356364664035275
2024-03-20,0.03355212647318512
2024-03-21,0.033516313208949475
2024-03-22,0.03347935704985403
2024-03-25,0.03349692441234554
2024-03-26,0.03241151875080897
2024-03-27,0.03220933721397525
2024-03-28,0.032209322287450035
2024-03-29,0.0321620058721626
2024-04-01,0.03155105789903695
2024-04-02,0.03169504367905953
2024-04-03,0.03169682963738028
2024-04-04,0.03373201952791744
2024-04-05,0.03385318714130814
2024-04-08,0.033859331729326786
2024-04-09,0.03230393216073978
2024-04-10,0.03241982890434238
2024-04-11,0.032458932240370254
2024-04-12,0.031699588512708404
2024-04-15,0.03146283442519661
2024-04-16,0.031569714496363574
2024-04-17,0.03155715595371499
2024-04-18,0.03152900567749019
2024-04-19,0.03222422719049902
2024-04-22,0.03228624318079577
2024-04-23,0.032228746320130855
2024-04-24,0.03207921613612572
2024-04-25,0.03205054227535307
2024-04-26,0.031726002873674455
2024-04-29,0.0317414166930734
2024-04-30,0.03142292136601584
2024-05-01,0.03350036860461727
2024-05-02,0.03355096665577057
2024-05-03,0.033705923821309505
2024-05-06,0.034025622590968016
2024-05-07,0.03403779742871309
2024-05-08,0.03357614360534797
2024-05-09,0.033566005305928216
2024-05-10,0.033515735081433774
2024-05-13,0.03352561097877218
2024-05-14,0.033070866587041364
2024-05-15,0.03351636889073924
2024-05-16,0.030834274631477084
2024-05-17,0.03065920369598119
2024-05-20,0.03070010841379731
2024-05-21,0.030680120998549807
2024-05-22,0.03067769120333375
2024-05-23,0.028670783040198843
2024-05-24,0.028255126917032355
2024-05-27,0.02817450266260284
2024-05-28,0.028525095901276203
2024-05-29,0.028620228668584168
2024-05-30,0.02865891114944999
2024-05-31,0.028596384433591304
2024-06-03,0.028180692598495344
2024-06-04,0.02808903730586556
2024-06-05,0.028192301232315458
2024-06-06,0.027760697296353432
2024-06-07,0.027618436727120197
2024-06-10,0.02818970472462378
2024-06-11,0.027526739509845757
2024-06-12,0.027541592490860082
2024-06-13,0.027536742567134762
2024-06-14,0.027520244144185017
2024-06-17,0.027526188215471353
2024-06-18,0.027672374809524634
2024-06-19,0.027629751782556663
2024-06-20,0.028294047003383928
2024-06-21,0.028293741813306274
2024-06-24,0.028204331473555905
2024-06-25,0.02803766888534015
2024-06-26,0.028050015814473524
2024-06-27,0.025847761381970494
2024-06-28,0.025693084970008478
2024-07-01,0.02593512195340947
2024-07-02,0.026495128500742773
2024-07-03,0.026354195338591686
2024-07-04,0.02622016735774865
2024-07-05,0.026342961279954
2024-07-08,0.02666718459741729
2024-07-09,0.026601237571949862
2024-07-10,0.025788183530461455
2024-07-11,0.025845799370651224
2024-07-12,0.024683375407918325
2024-07-15,0.02470780124186392
2024-07-16,0.024636420398641272
2024-07-17,0.02844516165124374
2024-07-18,0.028564797903801762
2024-07-19,0.02861673062410585
2024-07-22,0.028758270712643315
2024-07-23,0.02876255334445998
2024-07-24,0.02732617168628944
2024-07-25,0.027869690214474736
2024-07-26,0.027628485721059408
2024-07-29,0.027242916621643316
2024-07-30,0.027246135752503117
2024-07-31,0.02784069421174844
2024-08-01,0.029927832132868343
2024-08-02,0.02992879083706453
2024-08-05,0.030021804128807
2024-08-06,0.030217686310291998
2024-08-07,0.029670700543382434
2024-08-08,0.030587183418026468
2024-08-09,0.030568985925640998
2024-08-12,0.03064145241328666
2024-08-13,0.030950965576121443
2024-08-14,0.03093410998626842
2024-08-15,0.03132834812790795
2024-08-16,0.030962448870588556
2024-08-19,0.03152971524138895
2024-08-20,0.03126571727640829
2024-08-21,0.030914857646894695
2024-08-22,0.0312828249624363
2024-08-23,0.031421864547716595
2024-08-26,0.031590415636111674
2024-08-27,0.0314801613027322
2024-08-28,0.03124654032081766
2024-08-29,0.03124107259659283
2024-08-30,0.03136440747470497
2024-09-02,0.030831823456423185
2024-09-03,0.03251354346098278
2024-09-04,0.03272921251436295
2024-09-05,0.03274572992394868
2024-09-06,0.03305404806386978
2024-09-09,0.03328442857248743
2024-09-10,0.03347264309725786
2024-09-11,0.03407242085042582
2024-09-12,0.033552853311759695
2024-09-13,0.03358327081892964
2024-09-16,0.03357657337216407
2024-09-17,0.03359008650252894
2024-09-18,0.03358897078984125
2024-09-19,0.034332356753808725
2024-09-20,0.0342618020174778
2024-09-23,0.03407646564396332
2024-09-24,0.03367262506912278
2024-09-25,0.033810312755325186
2024-09-26,0.034084140256153264
2024-09-27,0.033598634056522136
2024-09-30,0.033196265330292636
2024-10-01,0.03334386204500485
2024-10-02,0.03293520102387331
2024-10-03,0.03302936664108064
2024-10-04,0.033656611646093126
2024-10-07,0.033637012656652275
2024-10-08,0.03363218315015406
2024-10-09,0.03058351618925367
2024-10-10,0.030904007986195824
2024-10-11,0.030801788195572517
2024-10-14,0.030687506458983133
2024-10-15,0.031446627638637446
2024-10-16,0.030343197482576374
2024-10-17,0.02973967834202124
2024-10-18,0.029714609933368472
2024-10-21,0.029741558669468995
2024-10-22,0.029902176694377513
2024-10-23,0.02943746777898059
2024-10-24,0.02712036311946569
2024-10-25,0.027192013104406245
2024-10-28,0.02725744185091982
2024-10-29,0.027185595380274215
2024-10-30,0.031004678178138064
2024-10-31,0.03043016431812893
2024-11-01,0.030432932143071082
2024-11-04,0.030366829108775983
2024-11-05,0.030107222670348332
2024-11-06,0.03026253798760407
2024-11-07,0.029961234571579357
2024-11-08,0.02998845205642672
2024-11-11,0.029421788959126952
2024-11-12,0.02957321296430418
2024-11-13,0.02977824118138546
2024-11-14,0.029371450790646732
2024-11-15,0.029423645028188637
2024-11-18,0.029428987188410773
2024-11-19,0.029428750466563913
2024-11-20,0.02926227080142371
2024-11-21,0.029255108129591118
2024-11-22,0.029130762581934148
2024-11-25,0.02925744885174146
2024-11-26,0.027467089520934615
2024-11-27,0.02724966174117061
2024-11-28,0.027220265700982915
2024-11-29,0.026801797720358723
2024-12-02,0.026940001415917687
2024-12-03,0.02659112395014793
2024-12-04,0.02590336131727397
2024-12-05,0.025988464388526377
2024-12-06,0.026056551358279976
2024-12-09,0.027031987692843897
2024-12-10,0.027167405282379476
2024-12-11,0.0272419032528135
2024-12-12,0.026185391570237634
2024-12-13,0.026392689054091343
2024-12-16,0.02636987649581869
2024-12-17,0.026338637758746727
2024-12-18,0.026295677526511126
2024-12-19,0.025896235646532834
2024-12-20,0.02586008360199147
2024-12-23,0.02663776047066356
2024-12-24,0.026576696813488457
2024-12-25,0.026576216307260408
2024-12-26,0.026414302224133362
2024-12-27,0.02550695168095618
2024-12-30,0.025589866070376624
2024-12-31,0.025520715606039437
2025-01-01,0.025525560210288383
2025-01-02,0.02511302044065847
2025-01-03,0.02549752621322325
2025-01-06,0.025913395023274773
2025-01-07,0.0251484716813314
2025-01-08,0.02568932178037841
2025-01-09,0.025687028783211042
2025-01-10,0.026322290152432485
2025-01-13,0.026308114493813716
2025-01-14,0.026194731637249894
2025-01-15,0.026634601194181356
2025-01-16,0.0266394073998528
2025-01-17,0.02675690906230564
2025-01-20,0.0265183210343413
2025-01-21,0.025945508911391472
2025-01-22,0.02189255172235672
2025-01-23,0.021587645993494397
2025-01-24,0.021522081274798883
2025-01-27,0.02302100254819506
2025-01-28,0.022988086903922882
2025-01-29,0.023063120004413348
2025-01-30,0.022691402982977026
2025-01-31,0.022825386342943565
2025-02-03,0.02286585590733559
2025-02-04,0.023546019446469918
2025-02-05,0.024610403245768478
2025-02-06,0.02466765420642952
2025-02-07,0.02459166101317961
2025-02-10,0.02453329820965743
2025-02-11,0.024546351097409325
2025-02-12,0.024545672013613795
2025-02-13,0.024549508447706835
2025-02-14,0.024593771273391955
2025-02-17,0.024408364957534127
2025-02-18,0.02432014879255369
2025-02-19,0.024313911925111398
2025-02-20,0.02431189878883759
2025-02-21,0.024517344990755332
2025-02-24,0.024139248683283304
2025-02-25,0.024541678483896424
2025-02-26,0.024468757501592282
2025-02-27,0.025124331356413707
2025-02-28,0.02508527438626786
2025-03-03,0.02419249257554909
2025-03-04,0.024363000773755167
2025-03-05,0.0242429744340182
2025-03-06,0.024418078430687867
2025-03-07,0.02433619570261572
2025-03-10,0.024714000529571838
2025-03-11,0.024698259823729266
2025-03-12,0.025148269379854257
2025-03-13,0.025230928906269746
2025-03-14,0.025555621933766363
2025-03-17,0.025300340045244497
2025-03-18,0.025225724805257924
2025-03-19,0.02550422383614416
2025-03-20,0.025529792635783005
2025-03-21,0.02553038277009217
2025-03-24,0.026947149221738152
2025-03-25,0.026925642466388424
2025-03-26,0.027421300082323522
2025-03-27,0.027714027155998862
2025-03-28,0.027470207500687942
2025-03-31,0.027059897935909325
2025-04-01,0.0270074780487127
2025-04-02,0.026485553286726887
2025-04-03,0.028936420661176174
2025-04-04,0.030440078480681376
2025-04-07,0.03047394820848319
2025-04-08,0.031486886816858635
2025-04-09,0.04216722053019538
2025-04-10,0.043535141768099084
2025-04-11,0.043975794740376085
2025-04-14,0.04402150651162157
2025-04-15,0.04402869581280609
2025-04-16,0.04494596170569858
2025-04-17,0.04494805542581964
2025-04-18,0.04495103316735881
2025-04-21,0.04431008171982463
2025-04-22,0.04434091737826998
2025-04-23,0.044646914473576056
2025-04-24,0.04503287064169277
2025-04-25,0.045076641849582974
2025-04-28,0.045051086308201684
2025-04-29,0.04461576661242441
2025-04-30,0.04393721461034528
2025-05-01,0.04390197257934113
2025-05-02,0.04391714149334725
2025-05-05,0.04383575112722947
2025-05-06,0.04388788436256508
2025-05-07,0.043949614264791645
2025-05-08,0.04399147923742489
2025-05-09,0.04398986837487842
2025-05-12,0.04449244431883866
2025-05-13,0.04477168709781227
2025-05-14,0.045161742779713285
2025-05-15,0.045263030740970094
2025-05-16,0.04515542359166635
2025-05-19,0.04511968389542191
2025-05-20,0.04483976422271128
2025-05-21,0.044870387924016604
2025-05-22,0.04437844406535632
2025-05-23,0.044383270830834036
2025-05-26,0.04432022289610086
2025-05-27,0.04446086590337309
2025-05-28,0.04450548320047076
2025-05-29,0.04433248930916063
2025-05-30,0.04439827211012078
2025-06-02,0.04429845802052429
2025-06-03,0.04437500127197209
2025-06-04,0.044112328895981046
2025-06-05,0.044087361328146064
2025-06-06,0.04395591264572456
2025-06-09,0.04412400449684724
2025-06-10,0.044108787124418236
2025-06-11,0.044078494434822736
2025-06-12,0.044180462514837086
2025-06-13,0.044256510443821236
2025-06-16,0.044740239713630336
2025-06-17,0.0447346475689839
2025-06-18,0.0443853180818967
2025-06-19,0.044148546711106795
2025-06-20,0.0439126304439399
2025-06-23,0.04390753990644958
2025-06-24,0.04463202578960438
2025-06-25,0.044800632393303556
2025-06-26,0.04289116758790239
2025-06-27,0.040980936632628084
2025-06-30,0.04084609943906399
2025-07-01,0.040170426375604536
2025-07-02,0.029927435458461073
2025-07-03,0.0273220537145228
2025-07-04,0.026710155079723345
2025-07-07,0.026966462105470858
2025-07-08,0.027046370571103175
2025-07-09,0.024789438647017447
2025-07-10,0.025058100256036154
2025-07-11,0.025051014465296256
2025-07-14,0.024754151278483228
2025-07-15,0.02568756580152062
2025-07-16,0.02534613848070679
2025-07-17,0.024951017607868546
2025-07-18,0.02518567460219032
2025-07-21,0.025168183019543117
2025-07-22,0.0252965711724413
2025-07-23,0.02538430732406624
2025-07-24,0.025361750680903003
2025-07-25,0.025408327652002606
2025-07-28,0.02575043601540876
2025-07-29,0.025516397994211817
2025-07-30,0.02549759271058128
2025-07-31,0.02574139684516173
2025-08-01,0.026147898468067074
2025-08-04,0.025720935231172786
2025-08-05,0.025548077087204572
2025-08-06,0.026760051519365974
2025-08-07,0.02724674900196156
2025-08-08,0.027207018313877167
2025-08-11,0.026996826844237855
2025-08-12,0.02691967420469568
2025-08-13,0.027417633306753817
2025-08-14,0.027518608638163338
2025-08-15,0.027704699239187766
2025-08-18,0.027760281748584782
2025-08-19,0.028667824227972583
2025-08-20,0.02859589444047721
2025-08-21,0.028658696068618334
2025-08-22,0.028535770989542998
2025-08-25,0.028622713116793007
2025-08-26,0.028591822274998555
2025-08-27,0.028586664973875728
2025-08-28,0.028308504613563705
2025-08-29,0.028827821644023713
2025-09-01,0.028328547833495848
2025-09-02,0.028324281453946148
2025-09-03,0.02819072468324053
2025-09-04,0.027985142805895483
2025-09-05,0.029373938588741263
2025-09-08,0.027431652836757
2025-09-09,0.027630155361665076
2025-09-10,0.027741138533988588
2025-09-11,0.027978716286342242
2025-09-12,0.02802776421053398
2025-09-15,0.028061844843509553
2025-09-16,0.026853038832906954
2025-09-17,0.02653693066056135
2025-09-18,0.026565574850027435
2025-09-19,0.02657310826822008
2025-09-22,0.026557471177072106
2025-09-23,0.025937824926959074
2025-09-24,0.025867594879906954
2025-09-25,0.025851705100378423
2025-09-26,0.025911999180995595
2025-09-29,0.02572566587772101
2025-09-30,0.025602402846858042
2025-10-01,0.025640774444827458
2025-10-02,0.025492970176137275
2025-10-03,0.02578661821524458
2025-10-06,0.03748305263496913
2025-10-07,0.036985966534073426
2025-10-08,0.03918416040317845
2025-10-09,0.03924812297980364
2025-10-10,0.04066330024898827
2025-10-13,0.040658247547650135
2025-10-14,0.04057437636241931
2025-10-15,0.041937894469181274
2025-10-16,0.04200354484726713
2025-10-17,0.041948018557330984
2025-10-20,0.041812021588479936
2025-10-21,0.04180790162611239
2025-10-22,0.04208705699442541
2025-10-23,0.04203702100804513
2025-10-24,0.04275266054082877
2025-10-27,0.0427288328905814
2025-10-28,0.04267803389852514
2025-10-29,0.04164550909007852
2025-10-30,0.04156670885687475
2025-10-31,0.041563143636113874
2025-11-03,0.041554770309295774
2025-11-04,0.04193264255824984
2025-11-05,0.041558228165963544
2025-11-06,0.042744304963406074
2025-11-07,0.04273028749426267
2025-11-10,0.0429947547930054
2025-11-11,0.042450287245649504
2025-11-12,0.04364953170817505
2025-11-13,0.044087961946697264
2025-11-14,0.04405197030101122
2025-11-17,0.04404239464766512
2025-11-18,0.044472717838902415
2025-11-19,0.044702415502868055
2025-11-20,0.04607173546100803
2025-11-21,0.04582288737410713
2025-11-24,0.04627278782961647
2025-11-25,0.04666316340350881
2025-11-26,0.04687060687896037
2025-11-27,0.046866270243434656
2025-11-28,0.045897881677372916
2025-12-01,0.045897425209398414
2025-12-02,0.045930909283248826
2025-12-03,0.04587482744533358
2025-12-04,0.04574000193984482
2025-12-05,0.04571096884245254
2025-12-08,0.045703952806096806
2025-12-09,0.04568827152749237
2025-12-10,0.045661539838870564
2025-12-11,0.04563391925064715
2025-12-12,0.04616945939737401
2025-12-15,0.04622190078268557
2025-12-16,0.04622265606819676
2025-12-17,0.04683757133671576
2025-12-18,0.04686005730190132
2025-12-19,0.04736936381196778
2025-12-22,0.047361460305897274
2025-12-23,0.04736512740247074
2025-12-24,0.04735343946412432
2025-12-25,0.04719474485841502
2025-12-26,0.04698457027899776
2025-12-29,0.03820568186765161
2025-12-30,0.03790237930457722
2025-12-31,0.03518602833164797
2026-01-01,0.035162917828184766
2026-01-02,0.03404603200288708
2026-01-05,0.03406690019194203
2026-01-06,0.03428985576592366
2026-01-07,0.03227095582222142
2026-01-08,0.03235842525333978
2026-01-09,0.03236100815600985
2026-01-12,0.03221427643950571
2026-01-13,0.03324923557451645
2026-01-14,0.03302106345148225
2026-01-15,0.033007221631714684
2026-01-16,0.031636430385323946
2026-01-19,0.031426331344890576
2026-01-20,0.031422005786417004
2026-01-21,0.03275990311395841
2026-01-22,0.03248970836084713
2026-01-23,0.03262228920089486
2026-01-26,0.032847891052813744
2026-01-27,0.032486154024801525
2026-01-28,0.032326728055198366
2026-01-29,0.030784194691915866
2026-01-30,0.0317972759306687
2026-02-02,0.03170384393676102
2026-02-03,0.03158748700520567
2026-02-04,0.03828927443663414
2026-02-05,0.03822445204567116
2026-02-06,0.03972474044657897
2026-02-09,0.03991330412939458
2026-02-10,0.03955860963615053
2026-02-11,0.039382046510987714
2026-02-12,0.038222967548231755
2026-02-13,0.03820525915964616
2026-02-16,0.03755309261151456
2026-02-17,0.03724740835935348
2026-02-18,0.03693958302673651
2026-02-19,0.037006469188588756
2026-02-20,0.03699549583443665
2026-02-23,0.037024140938952586
2026-02-24,0.03855791811696931
2026-02-25,0.038571594805776384
2026-02-26,0.038813306142186546
2026-02-27,0.03884561980817755
2026-03-02,0.03879926000507003
2026-03-03,0.039096833563275396
2026-03-04,0.03983411079573038
2026-03-05,0.03986123525970465
2026-03-06,0.03962627692476679
2026-03-09,0.04017592226503809
2026-03-10,0.0401642764290138
2026-03-11,0.03954884761894797
2026-03-12,0.03977031143597672
2026-03-13,0.03907654934666978
2026-03-16,0.03912993388272479
2026-03-17,0.03912959020667379
2026-03-18,0.03919345912217404
2026-03-19,0.03938384650992775
2026-03-20,0.039456890897305974
2026-03-23,0.03946643695828363
2026-03-24,0.03950905025643944
2026-03-25,0.04054642361307248
2026-03-26,0.041788657094264034
2026-03-27,0.04140915724692392
2026-03-30,0.04155375025286368
2026-03-31,0.04167772466243903
2026-04-01,0.04182061913094264
2026-04-02,0.04190916670503605
2026-04-03,0.041894860117335724
2026-04-06,0.04183137664451317
2026-04-07,0.04106516395352206
2026-04-08,0.04145537897603232
2026-04-09,0.04146672942518152
2026-04-10,0.04165019485418621
2026-04-13,0.0416580577139199
2026-04-14,0.04185954385302995
2026-04-15,0.04078458996273472
2026-04-16,0.041866734366785376
2026-04-17,0.04177031369210488
2026-04-20,0.04157247055546105
2026-04-21,0.041785013870385336
2026-04-22,0.04255791999525121
2026-04-23,0.042554072694581835
2026-04-24,0.044712652312773236
2026-04-27,0.04487002571014259
2026-04-28,0.04507561302535656
2026-04-29,0.037363740249416015
2026-04-30,0.03720594287276528
2026-05-01,0.03608825826002161
2026-05-04,0.03682443251662711
2026-05-05,0.036963637891016414
2026-05-06,0.04246104797826098
2026-05-07,0.04236607934093813
2026-05-08,0.04416737201580091
2026-05-11,0.04413944736505154
2026-05-12,0.04417300253330594
2026-05-13,0.04409608825550721
2026-05-14,0.044097472229328145
2026-05-15,0.04491217565723642
2026-05-18,0.0448117463839136
2026-05-19,0.04397122406348494
2026-05-20,0.04467894380375142
2026-05-21,0.0442621259594954
2026-05-22,0.04420359708561268
2026-05-25,0.04414795814020334
2026-05-26,0.044260081034127916
2026-05-27,0.044136806599094705
2026-05-28,0.04414332538055842
2026-05-29,0.04369881073085947
2026-06-01,0.043594771218856444
2026-06-02,0.043571140003070385
2026-06-03,0.043665309262317244
2026-06-04,0.04342155812414458
