Date,log_return
2021-04-23,
2021-04-26,0.020184691912166108
2021-04-27,0.0024698649221989518
2021-04-28,0.011946146532530181
2021-04-29,0.003697092085053035
2021-04-30,-0.0011212645540177846
2021-05-03,-0.02361686640013657
2021-05-04,-0.022280927908247625
2021-05-05,-0.012557955081461925
2021-05-06,0.010895826077640012
2021-05-07,-0.004474051509126132
2021-05-10,-0.031202294199865952
2021-05-11,0.010420336143649124
2021-05-12,-0.022576744303825176
2021-05-13,0.0030189822880309276
2021-05-14,0.019244482527551766
2021-05-17,0.01462764646007257
2021-05-18,-0.011721487581113643
2021-05-19,-0.00014852585753418506
2021-05-20,0.004901676923524499
2021-05-21,-0.013828021471269424
2021-05-24,0.0129993563234214
2021-05-25,0.004323491452926749
2021-05-26,0.0018730010825371592
2021-05-27,-0.010792589148289969
2021-05-28,-0.002181807353604432
2021-05-31,0.0
2021-06-01,-0.0013723560569097765
2021-06-02,0.004754641593085972
2021-06-03,-0.014633490299348802
2021-06-04,0.0060095641643640885
2021-06-07,-0.0025639767739557943
2021-06-08,0.02045844509486988
2021-06-09,0.005206770515708458
2021-06-10,0.020661910893956897
2021-06-11,-0.0008421810689315857
2021-06-14,0.011006334685231454
2021-06-15,-0.00021872359760794925
2021-06-16,0.009449397061352359
2021-06-17,0.02143330072900694
2021-06-18,-0.000670883305820527
2021-06-21,-0.009491708765252797
2021-06-22,0.014794678093753032
2021-06-23,-0.00046229652298874693
2021-06-24,-0.015746270765313524
2021-06-25,-0.013902758645549816
2021-06-28,0.012396928694551673
2021-06-29,0.0012332733462509843
2021-06-30,-0.0023169853895690052
2021-07-01,-0.002092189192267082
2021-07-02,0.02246941064938596
2021-07-05,0.0
2021-07-06,0.04585930904650017
2021-07-07,0.0056535525885647525
2021-07-08,0.009378115281815287
2021-07-09,-0.0032399471675578434
2021-07-12,-0.00021237069203424127
2021-07-13,-0.011138754050319846
2021-07-14,0.0011740849089997769
2021-07-15,-0.013806009042966375
2021-07-16,-0.015981254351190344
2021-07-19,-0.006749758546577603
2021-07-20,0.006626609097477396
2021-07-21,0.0033554749445127334
2021-07-22,0.014628121323518116
2021-07-23,0.005102345801164657
2021-07-26,0.011739458318775493
2021-07-27,-0.02004647134574264
2021-07-28,0.0010831503488784933
2021-07-29,-0.00840919910387896
2021-07-30,-0.07866330887549154
2021-08-02,0.0011683541547145397
2021-08-03,0.010379692962522098
2021-08-04,-0.003428109147843768
2021-08-05,0.006320347457217287
2021-08-06,-0.009239891315900388
2021-08-09,-0.0009181548153357011
2021-08-10,-0.006361004973165342
2021-08-11,-0.008640868502137664
2021-08-12,0.0034538388189029033
2021-08-13,-0.0028889970825907705
2021-08-16,0.0015227871766333222
2021-08-17,-0.017438191452478862
2021-08-18,-0.012646113476257194
2021-08-19,-0.004216696494284563
2021-08-20,0.0038198497898503034
2021-08-23,0.02039103748353467
2021-08-24,0.012146253464241655
2021-08-25,-0.0019985098458953207
2021-08-26,0.005085305152845157
2021-08-27,0.010090674197310714
2021-08-30,0.021249618004886027
2021-08-31,0.014282714711431693
2021-09-01,0.0023626160329893353
2021-09-02,-0.004574927931495782
2021-09-03,0.004301820154126882
2021-09-06,0.0
2021-09-07,0.008941925919554996
2021-09-08,0.004608538783881409
2021-09-09,-0.011795296134862758
2021-09-10,-0.004317307606338972
2021-09-13,-0.0034592661286029646
2021-09-14,-0.0020761346389200496
2021-09-15,0.007447589064120205
2021-09-16,0.003575505609499879
2021-09-17,-0.007400637151307249
2021-09-20,-0.03132736193754281
2021-09-21,-0.0036122637458179565
2021-09-22,0.010833453848678572
2021-09-23,0.010579777062858911
2021-09-24,0.0027829969154169873
2021-09-27,-0.005773469524888403
2021-09-28,-0.026732621677354657
2021-09-29,-0.004485396155336227
2021-09-30,-0.004882981617736262
2021-10-01,-0.0005420246980202862
2021-10-04,-0.02888485808454832
2021-10-05,0.009739950346903852
2021-10-06,0.012651646071788683
2021-10-07,0.012315060502089633
2021-10-08,-0.004190573462060326
2021-10-11,-0.012952121105274618
2021-10-12,0.0003172241904451794
2021-10-13,0.011314351840536129
2021-10-14,0.004732543058962018
2021-10-15,0.03254486320029431
2021-10-18,0.01100400576947037
2021-10-19,-0.0007517249304827118
2021-10-20,-0.00848206698962188
2021-10-21,0.005824760045406363
2021-10-22,-0.029382296136388146
2021-10-25,-0.004561377086082202
2021-10-26,0.016636110939323188
2021-10-27,0.004851848967382222
2021-10-28,0.01581542696620515
2021-10-29,-0.021745984346714802
2021-11-01,-0.01623822909338356
2021-11-02,-0.0016167159617979095
2021-11-03,0.021279781969291613
2021-11-04,0.02711146442608225
2021-11-05,0.012004091021206855
2021-11-08,-0.008564519878774466
2021-11-09,0.024699674045048896
2021-11-10,-0.026687971077505174
2021-11-11,-0.0027463665972794556
2021-11-12,0.015048234458080111
2021-11-15,0.005806911669058077
2021-11-16,-0.001405473377029005
2021-11-17,0.0023413880700420314
2021-11-18,0.04060149725970322
2021-11-19,-0.0052870662112904825
2021-11-22,-0.02869509488188082
2021-11-23,0.002088774763957146
2021-11-24,0.00010331000315118602
2021-11-25,0.0
2021-11-26,-0.021412317856405228
2021-11-29,0.016136535670027943
2021-11-30,-0.015420562086679022
2021-12-01,-0.018228623739821467
2021-12-02,-0.001848596514633391
2021-12-03,-0.013935728778151546
2021-12-06,0.011025217696555534
2021-12-07,0.027602038798318594
2021-12-08,-3.689939734869626e-05
2021-12-09,-0.011343741238858878
2021-12-10,-0.011311296797986634
2021-12-13,-0.015475202151186945
2021-12-14,-0.002811076756339546
2021-12-15,0.024670732493370397
2021-12-16,-0.02597563931621664
2021-12-17,0.006766260845510533
2021-12-20,-0.01743466066061881
2021-12-21,0.01978169533389277
2021-12-22,0.003631503982249459
2021-12-23,0.00018411946479317587
2021-12-24,0.0
2021-12-27,-0.008211646321395375
2021-12-28,0.005826710732445391
2021-12-29,-0.008591725101779567
2021-12-30,-0.003294427727342962
2021-12-31,-0.011495217795266778
2022-01-03,0.021877258953900566
2022-01-04,-0.017060289689663746
2022-01-05,-0.019073846316683307
2022-01-06,-0.006733601858714689
2022-01-07,-0.004296997177475961
2022-01-10,-0.006591854785116594
2022-01-11,0.023718602439306714
2022-01-12,-0.0009377696670975312
2022-01-13,-0.024466534551061184
2022-01-14,0.005715124523055335
2022-01-17,0.0
2022-01-18,-0.02006265472349509
2022-01-19,-0.016614359071245203
2022-01-20,-0.030080217077818206
2022-01-21,-0.06134555364691525
2022-01-24,0.01323896043083007
2022-01-25,-0.03204163984338447
2022-01-26,-0.007986135126473034
2022-01-27,0.005493528624727967
2022-01-28,0.030610731040560255
2022-01-31,0.038127433338896885
2022-02-01,0.01077253018259915
2022-02-02,-0.0038501180924552735
2022-02-03,-0.08134849507057183
2022-02-04,0.1269489157684572
2022-02-07,0.001875974577811346
2022-02-08,0.02178265381683596
2022-02-09,-0.0013886979453967615
2022-02-10,-0.013654506185153747
2022-02-11,-0.03657177570139793
2022-02-14,0.012147601490993106
2022-02-15,0.008621083638872947
2022-02-16,0.010107783346743868
2022-02-17,-0.022050230393006458
2022-02-18,-0.013350682834785058
2022-02-21,0.0
2022-02-22,-0.01587889987657254
2022-02-23,-0.03641116014436802
2022-02-24,0.04410800497645022
2022-02-25,0.01593036537376894
2022-02-28,-0.0014673390183547882
2022-03-01,-0.015891148369833387
2022-03-02,0.006006111112644554
2022-03-03,-0.02769967430173762
2022-03-04,-0.015381483821486462
2022-03-07,-0.05786267214586164
2022-03-08,-0.010520594620232346
2022-03-09,0.023717698424230754
2022-03-10,0.052711186532696214
2022-03-11,-0.008845856240147519
2022-03-14,-0.025553208143987614
2022-03-15,0.03813139923769891
2022-03-16,0.03819476755459102
2022-03-17,0.02664947618554765
2022-03-18,0.025192147663773066
2022-03-21,0.001493436589994942
2022-03-22,0.020820051155123028
2022-03-23,-0.009022396175222974
2022-03-24,0.0014768099843156708
2022-03-25,0.0068448147304497955
2022-03-28,0.02527066880086216
2022-03-29,0.0019184362663260243
2022-03-30,-0.017961531171231216
2022-03-31,-0.020064520292900095
2022-04-01,0.0034450322821231614
2022-04-04,0.02884445449723015
2022-04-05,-0.025822642256601212
2022-04-06,-0.03283328123701215
2022-04-07,-0.0061382328144399005
2022-04-08,-0.021291810941382657
2022-04-11,-0.021850949776512304
2022-04-12,-0.0022158166719546393
2022-04-13,0.031037763445815297
2022-04-14,-0.024961650159491106
2022-04-15,0.0
2022-04-18,0.007084013688019547
2022-04-19,0.034294010908479985
2022-04-20,-0.026386116801539967
2022-04-21,-0.03772931062801116
2022-04-22,-0.026969363430673157
2022-04-25,0.011872429325306142
2022-04-26,-0.046830397470919216
2022-04-27,-0.008819827903123646
2022-04-28,0.045483928748159326
2022-04-29,-0.15139791287665308
2022-05-02,0.0017565476902947816
2022-05-03,-0.001981867083020741
2022-05-04,0.013390415419768674
2022-05-05,-0.07862161321968106
2022-05-06,-0.014140750847553027
2022-05-09,-0.05354166033985849
2022-05-10,0.0006432376717787577
2022-05-11,-0.032556515700991315
2022-05-12,0.01468209351950873
2022-05-13,0.05569537333818581
2022-05-16,-0.020052883582188548
2022-05-17,0.04030980601090871
2022-05-18,-0.07425163860523787
2022-05-19,0.0019259973748420684
2022-05-20,0.0025313230136678384
2022-05-23,-0.00031610064973083124
2022-05-24,-0.03266897126205667
2022-05-25,0.025371870055026394
2022-05-26,0.03950431937060653
2022-05-27,0.0359770770988458
2022-05-30,0.0
2022-05-31,0.043030852834664374
2022-06-01,0.01219142464906909
2022-06-02,0.030965911805553418
2022-06-03,-0.0255076393596147
2022-06-06,0.01974655443905197
2022-06-07,-0.014447976483889591
2022-06-08,-0.014907309337206952
2022-06-09,-0.042394573681651705
2022-06-10,-0.057588983573757455
2022-06-13,-0.056080729107119705
2022-06-14,-0.013205363644664271
2022-06-15,0.05106358079343476
2022-06-16,-0.03795462873180655
2022-06-17,0.02439607839682275
2022-06-20,0.0
2022-06-21,0.022895360879700146
2022-06-22,0.0024812460138330314
2022-06-23,0.031530734371298275
2022-06-24,0.03512809079637107
2022-06-27,-0.02821501915746544
2022-06-28,-0.0527726431080026
2022-06-29,0.01405345471235089
2022-06-30,-0.0251953932810785
2022-07-01,0.031054064397665036
2022-07-04,0.0
2022-07-05,0.03533051481031728
2022-07-06,0.007286182647943523
2022-07-07,0.017341975999450154
2022-07-08,-0.006814197291832041
2022-07-11,-0.03335256478334072
2022-07-12,-0.022900025593117632
2022-07-13,0.0107459397638012
2022-07-14,0.002081127555719166
2022-07-15,0.026052020207380393
2022-07-18,0.0018476894058664548
2022-07-19,0.03837171118403459
2022-07-20,0.037849962832112935
2022-07-21,0.015036666950921374
2022-07-22,-0.01789158533462613
2022-07-25,-0.010510843951367733
2022-07-26,-0.05366832967343505
2022-07-27,0.05226402422174644
2022-07-28,0.0107708959770675
2022-07-29,0.09859082981024253
2022-08-01,0.003255181148895761
2022-08-02,-0.009126353187385704
2022-08-03,0.03917484597170419
2022-08-04,0.0216251677554199
2022-08-05,-0.012492693140300751
2022-08-08,-0.009921207364734218
2022-08-09,-0.011398203042398835
2022-08-10,0.03465340706112098
2022-08-11,-0.014471032455294032
2022-08-12,0.020479998229218345
2022-08-15,-0.0025808990121560286
2022-08-16,0.011112811619446402
2022-08-17,-0.018684262378250237
2022-08-18,0.0014064484864398943
2022-08-19,-0.02901859297383289
2022-08-22,-0.03691702741982209
2022-08-23,0.002998007806707862
2022-08-24,0.001346256547678855
2022-08-25,0.025676456345101635
2022-08-26,-0.04873552390255167
2022-08-29,-0.00736939497405998
2022-08-30,-0.00820055348874808
2022-08-31,-0.01534276001209404
2022-09-01,0.008248627364462172
2022-09-02,-0.002428212185707112
2022-09-05,0.0
2022-09-06,-0.011040262841267405
2022-09-07,0.026371849253352748
2022-09-08,0.002622535962612139
2022-09-09,0.02622824562673727
2022-09-12,0.023581047138634757
2022-09-13,-0.07318946892343868
2022-09-14,0.013549201586232946
2022-09-15,-0.017816303428596674
2022-09-16,-0.02201762235626526
2022-09-19,0.009106029090597056
2022-09-20,-0.020012830448643784
2022-09-21,-0.030326766225786016
2022-09-22,-0.010430481377003647
2022-09-23,-0.030553234112175812
2022-09-26,0.011968890924047326
2022-09-27,-0.00644711979642255
2022-09-28,0.030980865018271533
2022-09-29,-0.027577874271049487
2022-09-30,-0.015803691756381223
2022-10-03,0.025167330486858045
2022-10-04,0.043978891324203705
2022-10-05,-0.0011568286989315974
2022-10-06,-0.005388563475942685
2022-10-07,-0.04888996644735069
2022-10-10,-0.007799184311071454
2022-10-11,-0.012927390072384172
2022-10-12,0.006130377153208065
2022-10-13,-0.0032826427568259787
2022-10-14,-0.05132600960921381
2022-10-17,0.06246082010978991
2022-10-18,0.022334186457693587
2022-10-19,-0.011148202689094493
2022-10-20,0.0015630456934787908
2022-10-21,0.03470527521216521
2022-10-24,0.0041816570199037775
2022-10-25,0.006488657531862419
2022-10-26,-0.04182438724790477
2022-10-27,-0.04148511663717591
2022-10-28,-0.07046806314523207
2022-10-31,-0.009424419446504316
2022-11-01,-0.056733592543970986
2022-11-02,-0.04945158785215427
2022-11-03,-0.031090582711074753
2022-11-04,0.018638216982674413
2022-11-07,-0.004958465035960488
2022-11-08,-0.006093813282808144
2022-11-09,-0.043613588180190316
2022-11-10,0.1149153510471296
2022-11-11,0.042149929862782536
2022-11-14,-0.023084154958510558
2022-11-15,0.004558631983396615
2022-11-16,-0.01856627488370557
2022-11-17,-0.02365067529774173
2022-11-18,-0.007513650804188213
2022-11-21,-0.018006920831346168
2022-11-22,0.007971580289157953
2022-11-23,0.009929087433161404
2022-11-24,0.0
2022-11-25,-0.007678331291085061
2022-11-28,0.0057642482872482335
2022-11-29,-0.016419307746887702
2022-11-30,0.043614054085946284
2022-12-01,-0.010831192229061232
2022-12-02,-0.014449471106160716
2022-12-05,-0.03370736231877902
2022-12-06,-0.03079571824833874
2022-12-07,0.002376766277155038
2022-12-08,0.021140538059143867
2022-12-09,-0.014043946522882085
2022-12-12,0.016255164405059457
2022-12-13,0.021198289437405628
2022-12-14,-0.009887580246293281
2022-12-15,-0.03477554111983294
2022-12-16,-0.006692740608663019
2022-12-19,-0.03403503022155705
2022-12-20,0.003174469440173832
2022-12-21,0.018376816404560806
2022-12-22,-0.034947221566029855
2022-12-23,0.017274436611979943
2022-12-26,0.0
2022-12-27,-0.026265685720911106
2022-12-28,-0.014800721671305868
2022-12-29,0.028435658196292006
2022-12-30,-0.002140568124387558
2023-01-02,0.0
2023-01-03,0.021435277164066735
2023-01-04,-0.007955122776173124
2023-01-05,-0.02401157339665977
2023-01-06,0.0349917378504728
2023-01-09,0.014760401298199752
2023-01-10,0.028326693248784427
2023-01-11,0.05645956080731301
2023-01-12,0.0018911574433712077
2023-01-13,0.0294763168996709
2023-01-16,0.0
2023-01-17,-0.021322326395198862
2023-01-18,-0.006161619000101003
2023-01-19,-0.018822579439957077
2023-01-20,0.037400259951453026
2023-01-23,0.0027724682514327437
2023-01-24,-0.012381472357830799
2023-01-25,0.008888953725914
2023-01-26,0.020774687057825685
2023-01-27,0.029983350559053976
2023-01-30,-0.016667823165641346
2023-01-31,0.025335155126435763
2023-02-01,0.0193976149644124
2023-02-02,0.07120315696615197
2023-02-03,-0.08808283393109906
2023-02-06,-0.011772272805910223
2023-02-07,-0.0006852973444615529
2023-02-08,-0.02038057801277048
2023-02-09,-0.018256648878253772
2023-02-10,-0.006433489213979846
2023-02-13,0.019579629188155288
2023-02-14,0.0016060637303955492
2023-02-15,0.014537811644538115
2023-02-16,-0.03020652173405669
2023-02-17,-0.009726256199159627
2023-02-20,0.0
2023-02-21,-0.027324623494127544
2023-02-22,0.012712248376870747
2023-02-23,0.0003131233176392935
2023-02-24,-0.024509991975448668
2023-02-27,0.002776912318089041
2023-02-28,0.005000289230826088
2023-03-01,-0.02210395970404292
2023-03-02,-0.0004340848307001873
2023-03-03,0.029623128385877155
2023-03-06,-0.012192056844170188
2023-03-07,-0.0021355795087460443
2023-03-08,0.003947251242114644
2023-03-09,-0.017941053663252313
2023-03-10,-0.016614182739941783
2023-03-13,0.01856350439768763
2023-03-14,0.026161301723076753
2023-03-15,0.013816419647147053
2023-03-16,0.03914078921242471
2023-03-17,-0.010955473953869642
2023-03-20,-0.012610742620752562
2023-03-21,0.029247763784060337
2023-03-22,-0.019166746850565648
2023-03-23,0.0001013336349731114
2023-03-24,-0.005893146925693609
2023-03-27,-0.0009175342309669643
2023-03-28,-0.008193440518932924
2023-03-29,0.03048493870739539
2023-03-30,0.017305747097592427
2023-03-31,0.012567761597929928
2023-04-03,-0.008556175035560798
2023-04-04,0.014925585099441844
2023-04-05,-0.027799874012425067
2023-04-06,0.009450740780884159
2023-04-07,0.0
2023-04-10,0.001077222967143844
2023-04-11,-0.022268227189569913
2023-04-12,-0.02113855030607884
2023-04-13,0.04565543032053212
2023-04-14,0.0010736481279814353
2023-04-17,0.0022411286119837716
2023-04-18,-0.004291801457498827
2023-04-19,0.01936168847711433
2023-04-20,-0.00470910957902097
2023-04-21,0.029892642547029304
2023-04-24,-0.007036666520682404
2023-04-25,-0.03487276836944828
2023-04-26,0.023224398457013323
2023-04-27,0.04507277127081395
2023-04-28,-0.04060578108740084
2023-05-01,-0.032773958824064836
2023-05-02,0.01536391753200235
2023-05-03,0.00019301691085360208
2023-05-04,0.0033710455381283566
2023-05-05,0.015835527254169667
2023-05-08,0.0016076240119395433
2023-05-09,0.007437086747609702
2023-05-10,0.032935033500925935
2023-05-11,0.01789855614458502
2023-05-12,-0.017263494264582263
2023-05-15,0.008489121836596263
2023-05-16,0.019591050376757332
2023-05-17,0.018349125212474244
2023-05-18,0.022684486585828632
2023-05-19,-0.01621197208021114
2023-05-22,-0.010723944788673759
2023-05-23,-0.00017395019575132932
2023-05-24,0.015189747065966132
2023-05-25,-0.01510276818575663
2023-05-26,0.04347586628475364
2023-05-29,0.0
2023-05-30,0.012822304345733589
2023-05-31,-0.008916850747085097
2023-06-01,0.01799921060282327
2023-06-02,0.011983006127262639
2023-06-05,0.008415221280893044
2023-06-06,0.010400614095252173
2023-06-07,-0.043421904903774046
2023-06-08,0.02460606952762862
2023-06-09,-0.006621468748440394
2023-06-12,0.025121316164936732
2023-06-13,0.0007108476079609743
2023-06-14,-0.0018966774409431106
2023-06-15,0.005443175548084132
2023-06-16,-0.012826801009233037
2023-06-19,0.0
2023-06-20,0.002308282311188502
2023-06-21,-0.007581513078945958
2023-06-22,0.04173475821321792
2023-06-23,-0.006320292959406817
2023-06-26,-0.015585135619426043
2023-06-27,0.014424567940817595
2023-06-28,-0.0010843421189455317
2023-06-29,-0.008873661272556729
2023-06-30,0.01905113813636069
2023-07-03,-0.0010745214685311468
2023-07-04,0.0
2023-07-05,0.0012279637641415527
2023-07-06,-0.015614479950363446
2023-07-07,0.011001878790426247
2023-07-10,-0.020630536429565176
2023-07-11,0.01289534927354134
2023-07-12,0.015563949723523061
2023-07-13,0.026406663898050423
2023-07-14,0.0028254136578632553
2023-07-17,-0.008350743114511814
2023-07-18,-0.005480667866621605
2023-07-19,0.01886777143765127
2023-07-20,-0.04071113790508541
2023-07-21,0.000307687993656272
2023-07-24,-0.009273613091557636
2023-07-25,0.002558849307688174
2023-07-26,-0.007618281489535843
2023-07-27,0.0007800788687019062
2023-07-28,0.030410134252966122
2023-07-31,0.0110572111941032
2023-08-01,-0.014998135236778893
2023-08-02,-0.026781097330387048
2023-08-03,0.005444917932495522
2023-08-04,0.07945180513430172
2023-08-07,0.018808843040995626
2023-08-08,-0.016161386274731373
2023-08-09,-0.01504759501753799
2023-08-10,0.005137245447970533
2023-08-11,-0.0010831058272496987
2023-08-14,0.015485316080358403
2023-08-15,-0.020846133672850414
2023-08-16,-0.019066286976507706
2023-08-17,-0.008102713606702033
2023-08-18,-0.005688597043229265
2023-08-21,0.010899633762398327
2023-08-22,-0.003197806521519639
2023-08-23,0.009415529041193322
2023-08-24,-0.027530224045928062
2023-08-25,0.010713027528748599
2023-08-28,-0.0009008643247144191
2023-08-29,0.013206715007284348
2023-08-30,0.00118530020246871
2023-08-31,0.021532889699268778
2023-09-01,0.0007967306725371615
2023-09-04,0.0
2023-09-05,-0.006173016781758742
2023-09-06,-0.014011920021062172
2023-09-07,0.018228281379293984
2023-09-08,0.0027527518216119884
2023-09-11,0.03462479564658769
2023-09-12,-0.013153992385327589
2023-09-13,0.02530902952298205
2023-09-14,-0.0008979168301894522
2023-09-15,-0.03037658988565322
2023-09-18,-0.0029247348968620985
2023-09-19,-0.016930564270193287
2023-09-20,-0.01714838747973992
2023-09-21,-0.04505328140436448
2023-09-22,-0.0016251248796010811
2023-09-25,0.01651413665688319
2023-09-26,-0.04113311252209692
2023-09-27,0.0
2023-09-28,0.0
2023-09-29,0.009008352994332959
2023-10-02,0.018240461143240468
2023-10-03,-0.0373007704408456
2023-10-04,0.018115851921521226
2023-10-05,-0.008222697494164894
2023-10-06,0.015753318962097584
2023-10-09,0.0023417029658428425
2023-10-10,0.00946698516860395
2023-10-11,0.017986831598422272
2023-10-12,0.003785588962598881
2023-10-13,-0.019381108651019514
2023-10-16,0.021042247787508333
2023-10-17,-0.008181257764936053
2023-10-18,-0.025733286363791553
2023-10-19,0.00210493209093831
2023-10-20,-0.0254775450093018
2023-10-23,0.011043686017449744
2023-10-24,0.015679217710014463
2023-10-25,-0.057387204557163146
2023-10-26,-0.015106526502479031
2023-10-27,0.06609496003096173
2023-10-30,0.03816941562949805
2023-10-31,0.0028592165427562357
2023-11-01,0.028955362245697565
2023-11-02,0.007779930147075702
2023-11-03,0.0038312748175106013
2023-11-06,0.008191461641482902
2023-11-07,0.021031053723631822
2023-11-08,-0.004424354026475328
2023-11-09,-0.010471269344291862
2023-11-10,0.02083402648617425
2023-11-13,-0.006779695661997966
2023-11-14,0.022262486894446033
2023-11-15,-0.017993607290294027
2023-11-16,-0.002587108521031568
2023-11-17,0.016319176713110995
2023-11-20,0.006522368493262836
2023-11-21,-0.015378098422388055
2023-11-22,0.01933932343605667
2023-11-23,0.0
2023-11-24,0.00020445580612358505
2023-11-27,0.006723903692254734
2023-11-28,-0.00474961512561893
2023-11-29,-0.004840585148378569
2023-11-30,-0.001573209061844679
2023-12-01,0.006413794210223246
2023-12-04,-0.01500697967354326
2023-12-05,0.013986300502114904
2023-12-06,-0.016198024273178
2023-12-07,0.016198024273177868
2023-12-08,0.003669683224747049
2023-12-11,-0.010432734440314026
2023-12-12,0.010839635496016388
2023-12-13,0.009179334477907091
2023-12-14,-0.009586235533609468
2023-12-15,0.01714963889276147
2023-12-18,0.026971809898698733
2023-12-19,-0.0018191003361762064
2023-12-20,-0.01091834083412718
2023-12-21,0.011243426514228085
2023-12-22,-0.002733830879625901
2023-12-25,0.0
2023-12-26,-6.514686816695571e-05
2023-12-27,-0.00045644547960358643
2023-12-28,0.00026087992298881607
2023-12-29,-0.009432812028151797
2024-01-01,0.0
2024-01-02,-0.013317252487412825
2024-01-03,-0.009785543802100045
2024-01-04,-0.02661905587134582
2024-01-05,0.004623714384981175
2024-01-08,0.026229678338986727
2024-01-09,0.015109875810597672
2024-01-10,0.015470650615520465
2024-01-11,0.009387897135060054
2024-01-12,-0.0036152239546972612
2024-01-15,0.0
2024-01-16,-0.009487311793446907
2024-01-17,-0.009512302504832145
2024-01-18,0.011729719012639512
2024-01-19,0.011915672389449407
2024-01-22,-0.003611493461086361
2024-01-23,0.007979485588611064
2024-01-24,0.005433174197432314
2024-01-25,0.005594095679664069
2024-01-26,0.008647102438040672
2024-01-29,0.013359331333490848
2024-01-30,-0.014113732972622603
2024-01-31,-0.024189614134501332
2024-02-01,0.02594906400632865
2024-02-02,0.07572554877189726
2024-02-05,-0.008768909348284514
2024-02-06,-0.006834432372405122
2024-02-07,0.008125368023266808
2024-02-08,-0.0040544313336464575
2024-02-09,0.026781354306300166
2024-02-12,-0.012168901576895616
2024-02-13,-0.02170298682855135
2024-02-14,0.013780303876272836
2024-02-15,-0.006925273760105457
2024-02-16,-0.0017094021256489145
2024-02-19,0.0
2024-02-20,-0.014439139136134756
2024-02-21,0.008996959517601153
2024-02-22,0.03491338968982024
2024-02-23,0.0023457610294128446
2024-02-26,-0.0014869599257995307
2024-02-27,-0.006833819221537168
2024-02-28,-0.0021920379551390117
2024-02-29,0.02057680546309288
2024-03-01,0.008225899848415687
2024-03-04,-0.0035975271186564546
2024-03-05,-0.019676533274039055
2024-03-06,-0.0035094856867787733
2024-03-07,0.018897104445031784
2024-03-08,-0.00834829600574499
2024-03-11,-0.01952208072253206
2024-03-12,0.01975013161880721
2024-03-13,0.006648685830772736
2024-03-14,0.012327433453265669
2024-03-15,-0.02452200827324045
2024-03-18,0.00034392410567333365
2024-03-19,0.008105519638180665
2024-03-20,0.01271024074657137
2024-03-21,0.0
2024-03-22,0.004033399915744371
2024-03-25,0.00468522019633587
2024-03-26,-0.007876935918428052
2024-03-27,0.008544428374293455
2024-03-28,0.003053793447902987
2024-03-29,0.0
2024-04-01,0.00326551461029285
2024-04-02,-0.0015484091821309372
2024-04-03,0.009474051539763172
2024-04-04,-0.013300069884865783
2024-04-05,0.027777320574842966
2024-04-08,0.0006481667921116775
2024-04-09,0.0025885563003378185
2024-04-10,0.0015069094018642995
2024-04-11,0.016533742520170792
2024-04-12,-0.015566165935951603
2024-04-15,-0.013577002419975346
2024-04-16,-0.0016350785294987403
2024-04-17,-0.011190509048215303
2024-04-18,-0.011428682278624262
2024-04-19,-0.025944630354616176
2024-04-22,0.01477882204751945
2024-04-23,0.0129496869735391
2024-04-24,-0.01656734624660272
2024-04-25,-0.016673704471388103
2024-04-26,0.03368654484295438
2024-04-29,0.007432568410519159
2024-04-30,-0.03349007554568368
2024-05-01,0.022599831917240992
2024-05-02,0.031455365813882176
2024-05-03,0.008033933494385928
2024-05-06,0.013283331052944075
2024-05-07,0.00031790155490542276
2024-05-08,-0.0040343749269230785
2024-05-09,0.00794706169253194
2024-05-10,-0.01071687425686526
2024-05-13,-0.00486560722449323
2024-05-14,0.002676374471979152
2024-05-15,-0.005789979151338446
2024-05-16,-0.012770048240180923
2024-05-17,0.005809980560830076
2024-05-20,-0.006300279871404103
2024-05-21,-0.002127134911413819
2024-05-22,-0.00010914608364288576
2024-05-23,-0.011423056748417279
2024-05-24,-0.001658392028660058
2024-05-27,0.0
2024-05-28,0.007715628907514878
2024-05-29,-0.000713895324699002
2024-05-30,-0.0149446344900467
2024-05-31,-0.01619107105787046
2024-06-03,0.010710931098535235
2024-06-04,0.0055916049316681584
2024-06-05,0.010759365441920877
2024-06-06,0.02031303453242799
2024-06-07,-0.0037909438439048654
2024-06-10,0.014864526720523909
2024-06-11,0.0009083768397987709
2024-06-12,-0.0018175795783647649
2024-06-13,-0.016508777761010902
2024-06-14,-0.0009251853303780781
2024-06-17,0.002175536021534634
2024-06-18,-0.006814429382413544
2024-06-19,0.0
2024-06-20,0.017836847681061675
2024-06-21,0.015886019163884733
2024-06-24,-0.018738006784044702
2024-06-25,0.004140733544431425
2024-06-26,0.03827288718411035
2024-06-27,0.0216633691270863
2024-06-28,-0.02352451121310847
2024-07-01,0.020233739225558187
2024-07-02,0.01409893985494711
2024-07-03,-0.012123208336190783
2024-07-04,0.0
2024-07-05,0.012123208336190851
2024-07-08,-0.0035563498917093785
2024-07-09,0.0002508745118111371
2024-07-10,0.002254890139097774
2024-07-11,-0.02401082970854252
2024-07-12,-0.002875175499739089
2024-07-15,-0.009142411458262677
2024-07-16,0.00155546797310713
2024-07-17,-0.02672431851841202
2024-07-18,-0.022493376002440963
2024-07-19,-0.0033798282769946274
2024-07-22,-0.003172184996925187
2024-07-23,0.020924443707583142
2024-07-24,-0.03039119500388646
2024-07-25,-0.005434169444389781
2024-07-26,0.014626968944213104
2024-07-29,0.0038282625594168156
2024-07-30,-0.008166388972744573
2024-07-31,0.02858958980412218
2024-08-01,-0.01568547657831172
2024-08-02,-0.09194763210362274
2024-08-05,-0.041839920325843556
2024-08-06,0.005635490449044775
2024-08-07,0.005174089797253657
2024-08-08,0.0184440734555928
2024-08-09,0.0068522199395901024
2024-08-12,-0.0008389728264874979
2024-08-13,0.020354930507755713
2024-08-14,-0.0007639034445704183
2024-08-15,0.043090966761615855
2024-08-16,-0.002988857651035908
2024-08-19,0.006530104639669463
2024-08-20,0.0036964682293246748
2024-08-21,0.006852561474421805
2024-08-22,-0.02234539227075752
2024-08-23,0.005153271352930898
2024-08-26,-0.008736614913990125
2024-08-27,-0.013654075452589952
2024-08-28,-0.013491668231426824
2024-08-29,0.007698580379841969
2024-08-30,0.036396721617948
2024-09-02,0.0
2024-09-03,-0.012685159527315687
2024-09-04,-0.016706139175178974
2024-09-05,0.025968075788917713
2024-09-06,-0.03722372046282126
2024-09-09,0.023127387297091972
2024-09-10,0.02338469252840609
2024-09-11,0.027304144175285646
2024-09-12,0.013350735010507413
2024-09-13,-0.0027309690556897217
2024-09-16,-0.008616597457795857
2024-09-17,0.010705675426824473
2024-09-18,-0.002410931547252041
2024-09-19,0.018283807518041345
2024-09-20,0.009070295653554335
2024-09-23,0.011829538769620705
2024-09-24,0.00041255068996117736
2024-09-25,-0.007400007450933529
2024-09-26,-0.0071411865336607
2024-09-27,-0.016828410744614587
2024-09-30,-0.008763077056375612
2024-10-01,-0.006460997690134298
2024-10-02,-0.0020006515450769115
2024-10-03,-0.015270736231763055
2024-10-04,0.024697907897679776
2024-10-07,-0.03109336265970453
2024-10-08,0.010563468311108654
2024-10-09,0.013319379012842232
2024-10-10,0.00796086049904925
2024-10-11,0.011559046433524522
2024-10-14,-0.006802098901968148
2024-10-15,0.0007995584839864811
2024-10-16,-0.0042714734594326426
2024-10-17,0.003418620886077508
2024-10-18,0.007755306570388279
2024-10-21,0.00042322292512559934
2024-10-22,0.0033265052557146266
2024-10-23,-0.026656796914304174
2024-10-24,0.009000562616286057
2024-10-25,0.00774968161813032
2024-10-28,0.0029769707636567114
2024-10-29,0.01286871001658346
2024-10-30,0.009907234588807516
2024-10-31,-0.033395354035536236
2024-11-01,0.060018526321249224
2024-11-04,-0.01092182223034851
2024-11-05,0.018822662731709527
2024-11-06,0.03733922736991464
2024-11-07,0.014192148444279072
2024-11-08,-0.008942557238934116
2024-11-11,-0.006457525082191674
2024-11-12,0.009958024917574623
2024-11-13,0.024539669362855586
2024-11-14,-0.012312812938838414
2024-11-15,-0.04284745921407231
2024-11-18,-0.004501522120521958
2024-11-19,0.014324301331484211
2024-11-20,-0.00849103584511627
2024-11-21,-0.022430287385072762
2024-11-22,-0.00637175235688548
2024-11-25,0.021728540914003922
2024-11-26,0.03132358260823768
2024-11-27,-0.010251516694207487
2024-11-28,0.0
2024-11-29,0.010395828320660513
2024-12-02,0.01347372166869659
2024-12-03,0.012872961773847143
2024-12-04,0.021872981158047995
2024-12-05,0.01089568506430313
2024-12-06,0.0289577215747153
2024-12-09,-0.004149028072046192
2024-12-10,-0.0046549995431563376
2024-12-11,0.02293094704166927
2024-12-12,-0.0056180854522786755
2024-12-13,-0.006616567663893641
2024-12-16,0.023763519526408726
2024-12-17,-0.007671123770165903
2024-12-18,-0.04707841093326951
2024-12-19,0.01248293187603738
2024-12-20,0.007273430311082978
2024-12-23,0.0006222471909635992
2024-12-24,0.017573311182246233
2024-12-25,0.0
2024-12-26,-0.00877006267142877
2024-12-27,-0.014640913829901727
2024-12-30,-0.011010096307821616
2024-12-31,-0.008668295678212696
2025-01-01,0.0
2025-01-02,0.0037760870596221323
2025-01-03,0.017866865271653997
2025-01-06,0.015139723199454355
2025-01-07,-0.02446088330127337
2025-01-08,9.006065292212719e-05
2025-01-09,0.0
2025-01-10,-0.01446508722386957
2025-01-13,-0.002194768679336334
2025-01-14,-0.003209448470719685
2025-01-15,0.025346561447878273
2025-01-16,-0.012117003196939351
2025-01-17,0.023646416176010977
2025-01-20,0.0
2025-01-21,0.02089205157407654
2025-01-22,0.018466503377704703
2025-01-23,0.0017431021503980866
2025-01-24,-0.0024241067445139475
2025-01-27,0.002424106744514067
2025-01-28,0.011529556411484978
2025-01-29,-0.004545214548106087
2025-01-30,-0.01030306500192206
2025-01-31,0.012872778270920829
2025-02-03,-0.0010944834258047257
2025-02-04,0.01935490231141661
2025-02-05,-0.02463374228856392
2025-02-06,0.011200132499427723
2025-02-07,-0.04137522511569357
2025-02-10,0.01726234455405173
2025-02-11,-0.0016312726853762412
2025-02-12,-0.01659160821196502
2025-02-13,0.006270442838655877
2025-02-14,-0.007363076447512864
2025-02-17,0.0
2025-02-18,-0.008916663909923328
2025-02-19,-8.819720145905549e-05
2025-02-20,-0.016685221316839496
2025-02-21,-0.028673529284667792
2025-02-24,-0.018030235415601108
2025-02-25,0.0004230045694208501
2025-02-26,0.00725744971005982
2025-02-27,-0.02652073681079169
2025-02-28,0.01681666750153105
2025-03-03,-0.034798596014760694
2025-03-04,-0.0059684204315927645
2025-03-05,0.022128220043401252
2025-03-06,-0.03745611520958073
2025-03-07,-0.0072509229263983
2025-03-10,-0.023922554740530594
2025-03-11,0.010482560161564325
2025-03-12,0.011631581915007296
2025-03-13,-0.02546092021137873
2025-03-14,0.020723473340341268
2025-03-17,-0.011227182074080435
2025-03-18,-0.015030126840267867
2025-03-19,0.014007778521538292
2025-03-20,-0.0030218279679656837
2025-03-21,0.006442448675219972
2025-03-24,0.035300372234540224
2025-03-25,0.011981521917604297
2025-03-26,-0.022515953159889142
2025-03-27,0.001142864416179142
2025-03-28,-0.04385598921751466
2025-03-31,-0.012846835734262143
2025-04-01,0.0099888585095992
2025-04-02,0.019785262896237093
2025-04-03,-0.09408135739928593
2025-04-04,-0.04242073641032032
2025-04-07,0.024606997782102066
2025-04-08,-0.026597259717812963
2025-04-09,0.11312358861813517
2025-04-10,-0.05308511365514066
2025-04-11,0.019941079422269643
2025-04-14,-0.014987065296594422
2025-04-15,-0.013989329016472998
2025-04-16,-0.029726389380639047
2025-04-17,-0.00991534732389348
2025-04-18,0.0
2025-04-21,-0.031126527586896723
2025-04-22,0.03442328337941731
2025-04-23,0.041953201051518486
2025-04-24,0.03236098252849648
2025-04-25,0.013048475365695443
2025-04-28,-0.006849205339079859
2025-04-29,-0.0016529240033086564
2025-04-30,-0.01597624814818092
2025-05-01,0.030860378884021808
2025-05-02,-0.0011573530932638618
2025-05-05,-0.019292122294797282
2025-05-06,-0.007216810697897855
2025-05-07,0.019801632738363474
2025-05-08,0.01770048072706834
2025-05-09,0.005089047328857853
2025-05-12,0.07760926703827985
2025-05-13,0.012999853383055317
2025-05-14,-0.005312830342904736
2025-05-15,-0.024458403999516362
2025-05-16,0.002044981599618388
2025-05-19,0.0027687076543828405
2025-05-20,-0.010189475975831036
2025-05-21,-0.01456138756787949
2025-05-22,0.009796778074282054
2025-05-23,-0.010443315729919602
2025-05-26,0.0
2025-05-27,0.024718089285440805
2025-05-28,-0.0063300743793082
2025-05-29,0.004775584008620333
2025-05-30,-0.003360050181078922
2025-06-02,0.007967779780350723
2025-06-03,-0.004559068820302432
2025-06-04,0.007361824330479196
2025-06-05,0.003276044436817532
2025-06-06,0.0268593707089079
2025-06-09,0.015840481625608156
2025-06-10,0.0028993089092675243
2025-06-11,-0.02047379463536867
2025-06-12,0.00018763973740853443
2025-06-13,-0.005360427367806428
2025-06-16,0.01868340140955021
2025-06-17,-0.0059407894922021915
2025-06-18,-0.0107643805780299
2025-06-19,0.0
2025-06-20,-0.013405860444963166
2025-06-23,-0.005835109391705959
2025-06-24,0.02041663831593163
2025-06-25,-0.0036726605052765328
2025-06-26,0.023911043937020576
2025-06-27,0.028065998915184062
2025-06-30,-0.017665207343808734
2025-07-01,0.004865337820140418
2025-07-02,-0.002452467458083949
2025-07-03,0.015744829251554494
2025-07-04,0.0
2025-07-07,0.00026851753624558485
2025-07-08,-0.018562963722362852
2025-07-09,0.014392611963869678
2025-07-10,-0.0012589875178301406
2025-07-11,0.012341463087489441
2025-07-14,0.002973080927807535
2025-07-15,0.0029201137891530816
2025-07-16,-0.014059063272129541
2025-07-17,0.003086778258328562
2025-07-18,0.009999860894734277
2025-07-21,0.013921126445029842
2025-07-22,-0.008012836242670535
2025-07-23,0.003598354221935051
2025-07-24,0.017111520335049226
2025-07-25,-0.0034075702705455803
2025-07-28,0.00581605955069594
2025-07-29,-0.007675754918145959
2025-07-30,-0.003555910385463179
2025-07-31,0.016886027515609428
2025-08-01,-0.08631653211497646
2025-08-04,-0.014540622735209882
2025-08-05,0.009873169687714855
2025-08-06,0.03926568541504018
2025-08-07,0.003681789897764909
2025-08-08,-0.0019739023688590293
2025-08-11,-0.006261419913672536
2025-08-12,0.0007678847964323423
2025-08-13,0.013855775538096235
2025-08-14,0.028188187008165968
2025-08-15,0.0002164587456877612
2025-08-18,0.001989132843084511
2025-08-19,-0.015147236228621111
2025-08-20,-0.01859199682633888
2025-08-21,-0.008345349193359537
2025-08-22,0.03057093586711227
2025-08-25,-0.003940606259072966
2025-08-26,0.0033724076943096397
2025-08-27,0.0017910076284830656
2025-08-28,0.010765909591411497
2025-08-29,-0.011289768498294493
2025-09-01,0.0
2025-09-02,-0.01611164706970365
2025-09-03,0.00288041832828813
2025-09-04,0.041984146824532165
2025-09-05,-0.01431613896889294
2025-09-08,0.014994810804568525
2025-09-09,0.010124998519937195
2025-09-10,-0.03376552082845374
2025-09-11,-0.0016511904499798356
2025-09-12,-0.007858600093329381
2025-09-15,0.014274139722700788
2025-09-16,0.011257360441086762
2025-09-17,-0.010436704109897131
2025-09-18,-0.0016852089863250992
2025-09-19,0.001080590559717161
2025-09-22,-0.01677193303853678
2025-09-23,-0.030871872178262885
2025-09-24,-0.002267986025112884
2025-09-25,-0.009398795415484247
2025-09-26,0.007444168873481592
2025-09-29,0.010815805882780046
2025-09-30,-0.011771724709007034
2025-10-01,0.004815990813160187
2025-10-02,0.008035429408424596
2025-10-03,-0.013124777320547301
2025-10-06,0.006312318256467209
2025-10-07,0.003975811225101454
2025-10-08,0.015391813667974614
2025-10-09,0.011126943813862119
2025-10-10,-0.051214768870408295
2025-10-13,0.016955828210376053
2025-10-14,-0.016863378479674927
2025-10-15,-0.0037966156016826813
2025-10-16,-0.005115842622809568
2025-10-17,-0.006689964147498498
2025-10-20,0.016018234695332437
2025-10-21,0.025314357693141158
2025-10-22,-0.01854683769726401
2025-10-23,0.014304177190941961
2025-10-24,0.014013300747684945
2025-10-27,0.012234712914707927
2025-10-28,0.009995255600938363
2025-10-29,0.00456970894129321
2025-10-30,-0.032839045720237554
2025-10-31,0.09152568904562086
2025-11-03,0.039264803615285844
2025-11-04,-0.018597025701107325
2025-11-05,0.0035233445181079427
2025-11-06,-0.029034574612610754
2025-11-07,0.005621146751201127
2025-11-10,0.016193167513876918
2025-11-11,0.0028141212824004096
2025-11-12,-0.019866897590761556
2025-11-13,-0.027483132611142096
2025-11-14,-0.01223891180071706
2025-11-17,-0.007785167790615942
2025-11-18,-0.045328527802621185
2025-11-19,0.0006288715862684946
2025-11-20,-0.025238376767976148
2025-11-21,0.01621670892983362
2025-11-24,0.025014152157624068
2025-11-25,0.01487032297548011
2025-11-26,-0.002223022534822027
2025-11-27,0.0
2025-11-28,0.017561753805358658
2025-12-01,0.002825964858582112
2025-12-02,0.0023061862991379644
2025-12-03,-0.008740386717129234
2025-12-04,-0.014171743534491094
2025-12-05,0.00183149436118387
2025-12-08,-0.011568418747626617
2025-12-09,0.004529366309921425
2025-12-10,0.016793958483706913
2025-12-11,-0.006492686132941979
2025-12-12,-0.017920589673159203
2025-12-15,-0.016268534273204432
2025-12-16,8.988664518458119e-05
2025-12-17,-0.005813022613826566
2025-12-18,0.024508470639878342
2025-12-19,0.002598541885829773
2025-12-22,0.004739078487121393
2025-12-23,0.016110849706755952
2025-12-24,0.0010333484556670999
2025-12-25,0.0
2025-12-26,0.000602277440840304
2025-12-29,-0.0019371793526923157
2025-12-30,0.0019801618568183687
2025-12-31,-0.007381025988312501
2026-01-01,0.0
2026-01-02,-0.01889327280046985
2026-01-05,0.028550975746587545
2026-01-06,0.033210483799024845
2026-01-07,0.002611474864167473
2026-01-08,0.01939179681615786
2026-01-09,0.004415959535942419
2026-01-12,-0.0036853485099490966
2026-01-13,-0.015826265506308508
2026-01-14,-0.024831791107773286
2026-01-15,0.006444429028140061
2026-01-16,0.003938837966679267
2026-01-19,0.0
2026-01-20,-0.03454778703396358
2026-01-21,0.0013410811217218887
2026-01-22,0.01301424496916034
2026-01-23,0.02035976271241001
2026-01-26,-0.0030989827151845415
2026-01-27,0.02591738783059459
2026-01-28,-0.006848632287987498
2026-01-29,-0.005281189009016069
2026-01-30,-0.010103375476311452
2026-02-02,0.015178840703943746
2026-02-03,-0.01802454038618342
2026-02-04,-0.023876750218376545
2026-02-05,-0.04521487700574913
2026-02-06,-0.057150465515023806
2026-02-09,-0.007636568568798812
2026-02-10,-0.008468076358810299
2026-02-11,-0.01401348751238724
2026-02-12,-0.0221966883496971
2026-02-13,-0.004066437083335827
2026-02-16,0.0
2026-02-17,0.011801910679928855
2026-02-18,0.01793416301137342
2026-02-19,0.0003417909236829623
2026-02-20,0.025304384018124338
2026-02-23,-0.023304999462925746
2026-02-24,0.015900551376285547
2026-02-25,0.009923754371216576
2026-02-26,-0.012997130763748655
2026-02-27,0.009954149190768667
2026-03-02,-0.007696209563361218
2026-03-03,0.0016302091348673652
2026-03-04,0.03802601972435095
2026-03-05,0.009730180814114253
2026-03-06,-0.026520103831069775
2026-03-09,0.0013123918981730745
2026-03-10,0.003926872997654063
2026-03-11,-0.007869298894721224
2026-03-12,-0.014780671622370446
2026-03-13,-0.008916648837354262
2026-03-16,0.019408860320450153
2026-03-17,0.016208681248397017
2026-03-18,-0.02507954596315967
2026-03-19,-0.00530302768152438
2026-03-20,-0.016372033885598266
2026-03-23,0.022960765779813284
2026-03-24,-0.013896403903249682
2026-03-25,0.02133987694053351
2026-03-26,-0.019893385566031804
2026-03-27,-0.0403121686592431
2026-03-30,0.008044214540419104
2026-03-31,0.03577922965641569
2026-04-01,0.0109828388282875
2026-04-02,-0.003806461415203767
2026-04-03,0.0
2026-04-06,0.01429401955243711
2026-04-07,0.00459495834694615
2026-04-08,0.03439259321059869
2026-04-09,0.05453095913592383
2026-04-10,0.020041816513913967
2026-04-13,0.006314422859656274
2026-04-14,0.03735274928383268
2026-04-15,-0.002090386144682408
2026-04-16,0.0048173395273468644
2026-04-17,0.003438217994609056
2026-04-20,-0.009141266429826225
2026-04-21,0.006543731071589846
2026-04-22,0.0215734489512025
