Date,rolling_volatility_30d
2021-04-23,
2021-04-26,
2021-04-27,
2021-04-28,
2021-04-29,
2021-04-30,
2021-05-03,
2021-05-04,
2021-05-05,
2021-05-06,
2021-05-07,
2021-05-10,
2021-05-11,
2021-05-12,
2021-05-13,
2021-05-14,
2021-05-17,
2021-05-18,
2021-05-19,
2021-05-20,
2021-05-21,
2021-05-24,
2021-05-25,
2021-05-26,
2021-05-27,
2021-05-28,
2021-05-31,
2021-06-01,
2021-06-02,
2021-06-03,
2021-06-04,0.014553203385300978
2021-06-07,0.014548785511936115
2021-06-08,0.01444881623853397
2021-06-09,0.013479083248317964
2021-06-10,0.013387194509697095
2021-06-11,0.013003563851965702
2021-06-14,0.013014643387441443
2021-06-15,0.012753482831027152
2021-06-16,0.012813133811979564
2021-06-17,0.012778934946894542
2021-06-18,0.013025295169951281
2021-06-21,0.012228285826849613
2021-06-22,0.012036739629006898
2021-06-23,0.010258625540001022
2021-06-24,0.010099913862091423
2021-06-25,0.009469656930835423
2021-06-28,0.00946853752427088
2021-06-29,0.009141368595906835
2021-06-30,0.009167347866077093
2021-07-01,0.008830088461023268
2021-07-02,0.009480897202970484
2021-07-05,0.008139621440312881
2021-07-06,0.008195996521425457
2021-07-07,0.008138015090575117
2021-07-08,0.008325422689046296
2021-07-09,0.008290599971981553
2021-07-12,0.008455745744336305
2021-07-13,0.008327898377723795
2021-07-14,0.008272756922580763
2021-07-15,0.00826760961281696
2021-07-16,0.007648333355746208
2021-07-19,0.00854420630875537
2021-07-20,0.008790914634834132
2021-07-21,0.008930774518369199
2021-07-22,0.008807751790644355
2021-07-23,0.010671605771788663
2021-07-26,0.010671146560423122
2021-07-27,0.011038291034636627
2021-07-28,0.012088331142924916
2021-07-29,0.01211687374809333
2021-07-30,0.01188030861816736
2021-08-02,0.011730919703958079
2021-08-03,0.011737814193856267
2021-08-04,0.011774713051872944
2021-08-05,0.01180871446395197
2021-08-06,0.01186839918357706
2021-08-09,0.011889391664465142
2021-08-10,0.011868649370347699
2021-08-11,0.011912529846451725
2021-08-12,0.011924251012993305
2021-08-13,0.011376883582479206
2021-08-16,0.011362491557010305
2021-08-17,0.011668449842537341
2021-08-18,0.011858294503692192
2021-08-19,0.011575980092362164
2021-08-20,0.011720997267071329
2021-08-23,0.01197633948599249
2021-08-24,0.012016566005367404
2021-08-25,0.012006083058709708
2021-08-26,0.011848547148560916
2021-08-27,0.01210846613701308
2021-08-30,0.011287995879450225
2021-08-31,0.011208462673519765
2021-09-01,0.011151917007732543
2021-09-02,0.011596434243265327
2021-09-03,0.009955329628900623
2021-09-06,0.00991922545465204
2021-09-07,0.009292583288960087
2021-09-08,0.007681398431102056
2021-09-09,0.007661096846552043
2021-09-10,0.008365690111129562
2021-09-13,0.008517273589861268
2021-09-14,0.008484840981859957
2021-09-15,0.008672386794149984
2021-09-16,0.008710249025808275
2021-09-17,0.009512219616763785
2021-09-20,0.009844162172130638
2021-09-21,0.009846858928592462
2021-09-22,0.009926979123720276
2021-09-23,0.00992566764858267
2021-09-24,0.009974522408116845
2021-09-27,0.010092347265498455
2021-09-28,0.012114065923024673
2021-09-29,0.012169568130727452
2021-09-30,0.012194295065208811
2021-10-01,0.012600597758290125
2021-10-04,0.01264153146738645
2021-10-05,0.012987220747123806
2021-10-06,0.013128006722707142
2021-10-07,0.01332359225222129
2021-10-08,0.012892632541324266
2021-10-11,0.012890748594765687
2021-10-12,0.013232160046571415
2021-10-13,0.01332725787154007
2021-10-14,0.014041423214095095
2021-10-15,0.014030013734270179
2021-10-18,0.014159947894997056
2021-10-19,0.014154996303840183
2021-10-20,0.01425824770288644
2021-10-21,0.014259639657906567
2021-10-22,0.014956306558548564
2021-10-25,0.014809322834786883
2021-10-26,0.015042481371267848
2021-10-27,0.017365154939709793
2021-10-28,0.0173363953413016
2021-10-29,0.017093106276980317
2021-11-01,0.017880038391820036
2021-11-02,0.018019434758030327
2021-11-03,0.018006444919252598
2021-11-04,0.018073161229806588
2021-11-05,0.018049850913336832
2021-11-08,0.01795913319572814
2021-11-09,0.016335289074891055
2021-11-10,0.016708322712501198
2021-11-11,0.01665833571685529
2021-11-12,0.016605541936386716
2021-11-15,0.015993214124339055
2021-11-16,0.0158224514848321
2021-11-17,0.01574292800924015
2021-11-18,0.0157436234662292
2021-11-19,0.015817148751046055
2021-11-22,0.016163535197930515
2021-11-23,0.015770176100519038
2021-11-24,0.015728644188889862
2021-11-25,0.015085234079913783
2021-11-26,0.01595447791842887
2021-11-29,0.01641465884028819
2021-11-30,0.017071675499588466
2021-12-01,0.017002571813558468
2021-12-02,0.017184151949904736
2021-12-03,0.01621186225887426
2021-12-06,0.016257604860712885
2021-12-07,0.016855566095677794
2021-12-08,0.014421910319814988
2021-12-09,0.01443190935134954
2021-12-10,0.014175700696795667
2021-12-13,0.013214542127917497
2021-12-14,0.013215851549589269
2021-12-15,0.013531236929888998
2021-12-16,0.013578818606313587
2021-12-17,0.013940213058334233
2021-12-20,0.01393087957642318
2021-12-21,0.014190215389066726
2021-12-22,0.014234899577312688
2021-12-23,0.014246159483223565
2021-12-24,0.013761312057931623
2021-12-27,0.013820165438930703
2021-12-28,0.013884530347068375
2021-12-29,0.013881933858083659
2021-12-30,0.013691587962372642
2021-12-31,0.013745731252398684
2022-01-03,0.01337414280632754
2022-01-04,0.01337895211873126
2022-01-05,0.015842668727855592
2022-01-06,0.015841859136387425
2022-01-07,0.015120925849415594
2022-01-10,0.014622540659485669
2022-01-11,0.014007636422839698
2022-01-12,0.014151086690600554
2022-01-13,0.014391164723586243
2022-01-14,0.014411565452892947
2022-01-17,0.014318790310311372
2022-01-18,0.013887963431574214
2022-01-19,0.013801912229794112
2022-01-20,0.013931972373642153
2022-01-21,0.014306611925938207
2022-01-24,0.014229727507769185
2022-01-25,0.014933235044729383
2022-01-26,0.014957788841324794
2022-01-27,0.014853300839444862
2022-01-28,0.016013755772315175
2022-01-31,0.016296694736130688
2022-02-01,0.016438503902412523
2022-02-02,0.0209598514186629
2022-02-03,0.02185169486187786
2022-02-04,0.021855195978156907
2022-02-07,0.022394783329123962
2022-02-08,0.022371339852628788
2022-02-09,0.02259299065790377
2022-02-10,0.022886435139659107
2022-02-11,0.023501849049568483
2022-02-14,0.023592246146487996
2022-02-15,0.023662256849686845
2022-02-16,0.022129772284289962
2022-02-17,0.02321781583238443
2022-02-18,0.02336854460204612
2022-02-21,0.023229386496796664
2022-02-22,0.023160193840693715
2022-02-23,0.02314599669607731
2022-02-24,0.024177828488760173
2022-02-25,0.024286118657342714
2022-02-28,0.024307296282746287
2022-03-01,0.023909077201595408
2022-03-02,0.023893527150525767
2022-03-03,0.023780162522730287
2022-03-04,0.023574843263684274
2022-03-07,0.024846754199186884
2022-03-08,0.024264498220724767
2022-03-09,0.025643446175038484
2022-03-10,0.02568604877037974
2022-03-11,0.02519983332781922
2022-03-14,0.025593667942053505
2022-03-15,0.025855782885666097
2022-03-16,0.022636930863611016
2022-03-17,0.02193766386004822
2022-03-18,0.02220798016568718
2022-03-21,0.021603109786939717
2022-03-22,0.02220114970082335
2022-03-23,0.022099280455674088
2022-03-24,0.02218416047013936
2022-03-25,0.021319398816147347
2022-03-28,0.021280508430289877
2022-03-29,0.02127482507184996
2022-03-30,0.021256622574286774
2022-03-31,0.02033650961238548
2022-04-01,0.020080596408882705
2022-04-04,0.02032648896747442
2022-04-05,0.020605830564319715
2022-04-06,0.021110768364315267
2022-04-07,0.019952030364209096
2022-04-08,0.020136588185270147
2022-04-11,0.021031893070718875
2022-04-12,0.021045032538246133
2022-04-13,0.02129635896591438
2022-04-14,0.021716291203980418
2022-04-15,0.021575011417267396
2022-04-18,0.020147217236951818
2022-04-19,0.020386612829064513
2022-04-20,0.018471527011856857
2022-04-21,0.018964331351087323
2022-04-22,0.0201179749293371
2022-04-25,0.020178434201194292
2022-04-26,0.020574656393803913
2022-04-27,0.020478451617664054
2022-04-28,0.021781422557691478
2022-04-29,0.022257277555625073
2022-05-02,0.022791992984687346
2022-05-03,0.022074190504214254
2022-05-04,0.023646351049261112
2022-05-05,0.024371139413777682
2022-05-06,0.024333107304548764
2022-05-09,0.02462621023698871
2022-05-10,0.024876164279911198
2022-05-11,0.024868336121876517
2022-05-12,0.024746664796570995
2022-05-13,0.025429401504718556
2022-05-16,0.02497291900299291
2022-05-17,0.025313722422357656
2022-05-18,0.025727734748003328
2022-05-19,0.02575667139324679
2022-05-20,0.02568147718436475
2022-05-23,0.025716162645421512
2022-05-24,0.02704741759742768
2022-05-25,0.02671051919976457
2022-05-26,0.02688266116463723
2022-05-27,0.028183606268905963
2022-05-30,0.028111876906875114
2022-05-31,0.02798241848734887
2022-06-01,0.027924082802927547
2022-06-02,0.02836965195393265
2022-06-03,0.02773231144505473
2022-06-06,0.02745604956643977
2022-06-07,0.026661500859881143
2022-06-08,0.02573078684027657
2022-06-09,0.025107777622769473
2022-06-10,0.02485102561452344
2022-06-13,0.025674645617763017
2022-06-14,0.02563896835198191
2022-06-15,0.024967136878743718
2022-06-16,0.0242401751788918
2022-06-17,0.02435554201683824
2022-06-20,0.023865977048062346
2022-06-21,0.024858683026936675
2022-06-22,0.024831888356241318
2022-06-23,0.024839824419659748
2022-06-24,0.02598537306535158
2022-06-27,0.026081850487907413
2022-06-28,0.0265882698517872
2022-06-29,0.025565874235404507
2022-06-30,0.025850696898699167
2022-07-01,0.02573611726939172
2022-07-04,0.02535212307342906
2022-07-05,0.02463408800484281
2022-07-06,0.024680263359537328
2022-07-07,0.025269481903192934
2022-07-08,0.02424138042315525
2022-07-11,0.024993119116292314
2022-07-12,0.025043549618993514
2022-07-13,0.0254140398513279
2022-07-14,0.024671990235407504
2022-07-15,0.024370776932320808
2022-07-18,0.024435898051780258
2022-07-19,0.025784449727200367
2022-07-20,0.02578529671562886
2022-07-21,0.02553536326588839
2022-07-22,0.027027457162891705
2022-07-25,0.025797830132749923
2022-07-26,0.02615294564923575
2022-07-27,0.029043850387220523
2022-07-28,0.02829395632158231
2022-07-29,0.028405093303081455
2022-08-01,0.028540385063521585
2022-08-02,0.027627663668959777
2022-08-03,0.027976937468349963
2022-08-04,0.027962460797062196
2022-08-05,0.02646995168680015
2022-08-08,0.026248771937790422
2022-08-09,0.025485874352123822
2022-08-10,0.025863725141589893
2022-08-11,0.025422882078925183
2022-08-12,0.025681216556793056
2022-08-15,0.025671686018594566
2022-08-16,0.024728557187323266
2022-08-17,0.024935070484688612
2022-08-18,0.024076530907407648
2022-08-19,0.024497221657508495
2022-08-22,0.024274702099266417
2022-08-23,0.024138179330777138
2022-08-24,0.023725897279814678
2022-08-25,0.024082006407028414
2022-08-26,0.026160254675240413
2022-08-29,0.025799156032024703
2022-08-30,0.0245070447000699
2022-08-31,0.02452102193924678
2022-09-01,0.02466872306573597
2022-09-02,0.022472312564683034
2022-09-05,0.022462000690316865
2022-09-06,0.02210265919384884
2022-09-07,0.01790413138563374
2022-09-08,0.01784200853759391
2022-09-09,0.017944458398775696
2022-09-12,0.017834023424329156
2022-09-13,0.020871596002043195
2022-09-14,0.020256799368408962
2022-09-15,0.020446533746329175
2022-09-16,0.020454528495466754
2022-09-19,0.020488583528195943
2022-09-20,0.02066047940294191
2022-09-21,0.01996459263910495
2022-09-22,0.020146422256206026
2022-09-23,0.019416782622669472
2022-09-26,0.019322132177631603
2022-09-27,0.01930651215126943
2022-09-28,0.02012025953176123
2022-09-29,0.020351580191860456
2022-09-30,0.020185822517396743
2022-10-03,0.020979479656105134
2022-10-04,0.02192422060136134
2022-10-05,0.02192240308599507
2022-10-06,0.021219777320482285
2022-10-07,0.019433569430831035
2022-10-10,0.019433336828249003
2022-10-11,0.019442112601916094
2022-10-12,0.019484438070274335
2022-10-13,0.019526227258964128
2022-10-14,0.01978363372688133
2022-10-17,0.020984851157178887
2022-10-18,0.021024715767358246
2022-10-19,0.020486161159442115
2022-10-20,0.02047957351070237
2022-10-21,0.02018371420471804
2022-10-24,0.020395009523568573
2022-10-25,0.017545941252142434
2022-10-26,0.024729794247176893
2022-10-27,0.024988124482652693
2022-10-28,0.02641192210957356
2022-10-31,0.02656381608727234
2022-11-01,0.027449624184757618
2022-11-02,0.028096703422387542
2022-11-03,0.028779158149239408
2022-11-04,0.029786299942912018
2022-11-07,0.030165402901535267
2022-11-08,0.030193665500639868
2022-11-09,0.029803928509427386
2022-11-10,0.03267594678747248
2022-11-11,0.03287553045302872
2022-11-14,0.0323887765542852
2022-11-15,0.032333184366745704
2022-11-16,0.03234650209801648
2022-11-17,0.03235477763131192
2022-11-18,0.0320151606286176
2022-11-21,0.03216405051273955
2022-11-22,0.03226900902858059
2022-11-23,0.032370404729440604
2022-11-24,0.03224700878206847
2022-11-25,0.03195115502430312
2022-11-28,0.03138351857222328
2022-11-29,0.031362926947646544
2022-11-30,0.03321626339643186
2022-12-01,0.03321163620617955
2022-12-02,0.03315895460493129
2022-12-05,0.03309506592939554
2022-12-06,0.03316500349388349
2022-12-07,0.02837325057342936
2022-12-08,0.02795861851310322
2022-12-09,0.02681780251488922
2022-12-12,0.026635655268763363
2022-12-13,0.02571177232518086
2022-12-14,0.024556591108173667
2022-12-15,0.024798615717037054
2022-12-16,0.02398950873085994
2022-12-19,0.023987027216830492
2022-12-20,0.024002336977619394
2022-12-21,0.023782997861786136
2022-12-22,0.019784881938725008
2022-12-23,0.019395051601325198
2022-12-26,0.019378759013428913
2022-12-27,0.018771417241855444
2022-12-28,0.018827090997839628
2022-12-29,0.019738811642424917
2022-12-30,0.019707288093234045
2023-01-02,0.019490766666533627
2023-01-03,0.01935446765033027
2023-01-04,0.01913789314695578
2023-01-05,0.019397161507270343
2023-01-06,0.019624459114478052
2023-01-09,0.019619491774263156
2023-01-10,0.01963030251827632
2023-01-11,0.017342888114744544
2023-01-12,0.01733254226756413
2023-01-13,0.017520043625041427
2023-01-16,0.01748068703238531
2023-01-17,0.01698971740585984
2023-01-18,0.01659664631860501
2023-01-19,0.016929690466302497
2023-01-20,0.019327836001885607
2023-01-23,0.01954258887416825
2023-01-24,0.019524794306782334
2023-01-25,0.020083534444667327
2023-01-26,0.018614538691818505
2023-01-27,0.018769378035842856
2023-01-30,0.018975395066853765
2023-01-31,0.019200973558036863
2023-02-01,0.019330416007207838
2023-02-02,0.022271621534508748
2023-02-03,0.023064401220275355
2023-02-06,0.02344311253550398
2023-02-07,0.024041043227863948
2023-02-08,0.0285610691619305
2023-02-09,0.029604625304893894
2023-02-10,0.029619445595860792
2023-02-13,0.029618407236263352
2023-02-14,0.029583578072339342
2023-02-15,0.029719953593183277
2023-02-16,0.029551797552291075
2023-02-17,0.02962676370269751
2023-02-20,0.029613821553020895
2023-02-21,0.030104769915839977
2023-02-22,0.02944549367676121
2023-02-23,0.02947530526655468
2023-02-24,0.029609275195999422
2023-02-27,0.02965830774316027
2023-02-28,0.02962153838682581
2023-03-01,0.0296281622985578
2023-03-02,0.029559571162716212
2023-03-03,0.02809015095484857
2023-03-06,0.02804018377676552
2023-03-07,0.027889287299471103
2023-03-08,0.027519753464271518
2023-03-09,0.027370131296930864
2023-03-10,0.027247484499201526
2023-03-13,0.026973539323414945
2023-03-14,0.027368030913301172
2023-03-15,0.027539499007681042
2023-03-16,0.025454835886543997
2023-03-17,0.025133217899933835
2023-03-20,0.024933471169472234
2023-03-21,0.024407930873039725
2023-03-22,0.01954424539574335
2023-03-23,0.01781070416778987
2023-03-24,0.01777039256109375
2023-03-27,0.01871971140098872
2023-03-28,0.018965230226556166
2023-03-29,0.018532569317924057
2023-03-30,0.01831793714725112
2023-03-31,0.018710910321003225
2023-04-03,0.018708312334997985
2023-04-04,0.01777756220260104
2023-04-05,0.017788174443662375
2023-04-06,0.018586910001995194
2023-04-07,0.017997807688049636
2023-04-10,0.018560259981833166
2023-04-11,0.018778493234065524
2023-04-12,0.018903621133586856
2023-04-13,0.019161902208514527
2023-04-14,0.019077818875252613
2023-04-17,0.019831819544243286
2023-04-18,0.01984772656337576
2023-04-19,0.01988427886442662
2023-04-20,0.01939501028358571
2023-04-21,0.01892275666653573
2023-04-24,0.018922764091863553
2023-04-25,0.018813901567511417
2023-04-26,0.01847624357174456
2023-04-27,0.018042801598167856
2023-04-28,0.01794971248315293
2023-05-01,0.017926916783851898
2023-05-02,0.01707317219796784
2023-05-03,0.016836203899020553
2023-05-04,0.016423218422122167
2023-05-05,0.016496764192943485
2023-05-08,0.01598549993926174
2023-05-09,0.015746514183290625
2023-05-10,0.017219469211229545
2023-05-11,0.01854854578431661
2023-05-12,0.018050015154044956
2023-05-15,0.01819337994786453
2023-05-16,0.01862142127394369
2023-05-17,0.018614209781070482
2023-05-18,0.017738412511823592
2023-05-19,0.0177433273830327
2023-05-22,0.017400687786288012
2023-05-23,0.017793445082760945
2023-05-24,0.017993868252732
2023-05-25,0.017803727847294882
2023-05-26,0.01774955396099446
2023-05-29,0.016753897180156643
2023-05-30,0.016538186183826763
2023-05-31,0.016611787541044046
2023-06-01,0.01658633367371341
2023-06-02,0.016571560314155027
2023-06-05,0.016597473304802157
2023-06-06,0.01586902599967147
2023-06-07,0.017852926338682722
2023-06-08,0.016908110428241453
2023-06-09,0.016876385671496904
2023-06-12,0.0168904521110463
2023-06-13,0.016365892236225657
2023-06-14,0.016391119594704184
2023-06-15,0.016261909490454307
2023-06-16,0.016598888115379407
2023-06-19,0.016365040155026815
2023-06-20,0.016357777136287707
2023-06-21,0.01555580181638013
2023-06-22,0.01411855728657542
2023-06-23,0.01414962450259305
2023-06-26,0.015407273700525553
2023-06-27,0.014671854210025906
2023-06-28,0.014812734009823355
2023-06-29,0.01455914024343845
2023-06-30,0.014600985315850067
2023-07-03,0.014149371969300722
2023-07-04,0.013701627298797632
2023-07-05,0.013780543920264218
2023-07-06,0.013418172116724957
2023-07-07,0.013303686141497512
2023-07-10,0.014017838331707834
2023-07-11,0.0140575983672081
2023-07-12,0.014361606677218286
2023-07-13,0.01670464201032593
2023-07-14,0.016695680372211745
2023-07-17,0.016613793574284188
2023-07-18,0.01653397011929498
2023-07-19,0.015164371252296057
2023-07-20,0.01574735063439373
2023-07-21,0.01580761483955185
2023-07-24,0.015835938585908312
2023-07-25,0.015871686025208533
2023-07-26,0.018935777771987527
2023-07-27,0.018842487281396307
2023-07-28,0.019118228703809897
2023-07-31,0.01911471338066708
2023-08-01,0.019196581141089544
2023-08-02,0.0193502238568712
2023-08-03,0.019006614508673757
2023-08-04,0.018962899561068797
2023-08-07,0.018303733204773714
2023-08-08,0.018310622979461833
2023-08-09,0.018414620513201693
2023-08-10,0.018291408592566852
2023-08-11,0.018299679239296793
2023-08-14,0.018406604625363695
2023-08-15,0.01860072434491531
2023-08-16,0.0185465628302506
2023-08-17,0.01836190767714861
2023-08-18,0.01873732032747508
2023-08-21,0.017999106015002944
2023-08-22,0.01799725035495488
2023-08-23,0.018315756006350017
2023-08-24,0.01693805950031719
2023-08-25,0.016904368768050942
2023-08-28,0.01689954551614219
2023-08-29,0.01741830166135774
2023-08-30,0.017163215472607116
2023-08-31,0.016391123685138217
2023-09-01,0.016451451326367633
2023-09-04,0.016389049528436977
2023-09-05,0.01639297996308513
2023-09-06,0.01319660463229896
2023-09-07,0.01322328485024641
2023-09-08,0.012578246112809237
2023-09-11,0.012590256868886034
2023-09-12,0.012674581662274335
2023-09-13,0.011832599675488912
2023-09-14,0.011918071559689073
2023-09-15,0.011961887548222545
2023-09-18,0.011097583718478786
2023-09-19,0.011099657062935976
2023-09-20,0.012381367746590636
2023-09-21,0.013262198591653729
2023-09-22,0.013263871250259322
2023-09-25,0.013080669666855142
2023-09-26,0.01339189262210552
2023-09-27,0.013593283195229202
2023-09-28,0.013704466577926526
2023-09-29,0.013378499807670191
2023-10-02,0.014046616431361758
2023-10-03,0.014269682345520035
2023-10-04,0.014043088648619086
2023-10-05,0.013508971735081962
2023-10-06,0.013863034848169227
2023-10-09,0.013827763537348433
2023-10-10,0.013014596871272304
2023-10-11,0.013289179380608595
2023-10-12,0.013479206065975385
2023-10-13,0.013644915013976288
2023-10-16,0.01382407912032639
2023-10-17,0.013839796450065065
2023-10-18,0.013929320016411336
2023-10-19,0.013902123952638066
2023-10-20,0.014135131302139357
2023-10-23,0.014170369285674445
2023-10-24,0.014322673243023271
2023-10-25,0.023204320222966986
2023-10-26,0.023474095814938156
2023-10-27,0.023480206916308515
2023-10-30,0.023775277508543052
2023-10-31,0.023771623384073483
2023-11-01,0.02350225030403253
2023-11-02,0.023155010486829202
2023-11-03,0.02328138372171356
2023-11-06,0.023308408906799097
2023-11-07,0.023038864314806343
2023-11-08,0.022904319428919493
2023-11-09,0.022876213691103268
2023-11-10,0.02302713192240926
2023-11-13,0.022564182197497114
2023-11-14,0.02253949430218243
2023-11-15,0.02224435124584755
2023-11-16,0.022462137925641043
2023-11-17,0.02230781275289043
2023-11-20,0.02231691455185859
2023-11-21,0.022337938602615702
2023-11-22,0.022180787777931494
2023-11-23,0.022086579858385174
2023-11-24,0.022113862782211204
2023-11-27,0.021983928190080004
2023-11-28,0.021995877585296045
2023-11-29,0.02207276510385884
2023-11-30,0.022307397898188246
2023-12-01,0.022153754020871608
2023-12-04,0.022368388889456508
2023-12-05,0.022275505301680872
2023-12-06,0.012501761944627085
2023-12-07,0.014508988769858743
2023-12-08,0.014858523673374542
2023-12-11,0.014848147299406986
2023-12-12,0.014890429194728425
2023-12-13,0.014553194181437308
2023-12-14,0.014542320135266662
2023-12-15,0.014402697277995266
2023-12-18,0.0149383738239004
2023-12-19,0.014945875850814533
2023-12-20,0.01504948779388177
2023-12-21,0.015005913115367052
2023-12-22,0.014757909696006929
2023-12-25,0.014721515570722377
2023-12-26,0.014621589099446487
2023-12-27,0.014695283816201282
2023-12-28,0.014400101742878481
2023-12-29,0.014229459758986812
2024-01-01,0.014187207103078156
2024-01-02,0.01432040015580712
2024-01-03,0.014211295607942306
2024-01-04,0.014606585792897335
2024-01-05,0.01443859975473831
2024-01-08,0.015024139967983076
2024-01-09,0.015229638018036356
2024-01-10,0.014951465893153203
2024-01-11,0.014476367185138688
2024-01-12,0.014411333062423957
2024-01-15,0.013786849816767713
2024-01-16,0.01367868504192092
2024-01-17,0.013672343463222894
2024-01-18,0.01034482714495819
2024-01-19,0.01042925063844338
2024-01-22,0.01007460253599742
2024-01-23,0.009960253954278313
2024-01-24,0.010040879870209967
2024-01-25,0.010382017322537315
2024-01-26,0.01039249202908709
2024-01-29,0.009773407815317598
2024-01-30,0.010271864323511732
2024-01-31,0.01794138482306625
2024-02-01,0.017785525074184967
2024-02-02,0.017801065148761907
2024-02-05,0.01787457911917599
2024-02-06,0.017879844297173788
2024-02-07,0.017879428354165904
2024-02-08,0.017876057552689884
2024-02-09,0.01819921275265006
2024-02-12,0.018329179868772062
2024-02-13,0.018484400746519795
2024-02-14,0.018484993055452006
2024-02-15,0.018629741716132735
2024-02-16,0.018867337797560186
2024-02-19,0.01842538690795829
2024-02-20,0.01823296433919968
2024-02-21,0.018245604143817762
2024-02-22,0.018346459136743785
2024-02-23,0.018335721917297924
2024-02-26,0.020146106953931396
2024-02-27,0.020240401624618494
2024-02-28,0.020456930546423144
2024-02-29,0.02048434168802409
2024-03-01,0.020137929533103383
2024-03-04,0.020684144498228786
2024-03-05,0.02059695253936195
2024-03-06,0.02043652558033412
2024-03-07,0.020494554430384174
2024-03-08,0.02057680196160293
2024-03-11,0.020792665808888132
2024-03-12,0.02077940584398323
2024-03-13,0.01530795941694059
2024-03-14,0.01584459944367693
2024-03-15,0.015966265136501578
2024-03-18,0.01792077329036971
2024-03-19,0.01794246970631438
2024-03-20,0.017973748065319876
2024-03-21,0.01803512854299155
2024-03-22,0.018046731960286
2024-03-25,0.01796849525243431
2024-03-26,0.017690251225250257
2024-03-27,0.017672076184535118
2024-03-28,0.017128794000984403
2024-03-29,0.016804014180903368
2024-04-01,0.017521912419869567
2024-04-02,0.017603953301599817
2024-04-03,0.017553729846057367
2024-04-04,0.0183958952284817
2024-04-05,0.018509197995190553
2024-04-08,0.016349223976577017
2024-04-09,0.01637291133279533
2024-04-10,0.015890983416889014
2024-04-11,0.016051845637893487
2024-04-12,0.01608403210642419
2024-04-15,0.015492791791791407
2024-04-16,0.015449615732155256
2024-04-17,0.015200941813966806
2024-04-18,0.014868057545012005
2024-04-19,0.015190264375965632
2024-04-22,0.015128842090538757
2024-04-23,0.015203104654483
2024-04-24,0.01517735403549831
2024-04-25,0.01535617165581633
2024-04-26,0.022807401433485103
2024-04-29,0.022795455514543157
2024-04-30,0.023184047842028904
2024-05-01,0.023141459953442682
2024-05-02,0.02317310368070408
2024-05-03,0.02294407596370695
2024-05-06,0.022894309586973662
2024-05-07,0.023052982850961492
2024-05-08,0.02321603713446648
2024-05-09,0.0232070618449891
2024-05-10,0.023295402460696845
2024-05-13,0.022769300232235692
2024-05-14,0.02272001508296352
2024-05-15,0.02278390218568707
2024-05-16,0.021968837740140225
2024-05-17,0.021943773297108796
2024-05-20,0.021854064806936396
2024-05-21,0.021817153348333212
2024-05-22,0.02189975943533425
2024-05-23,0.021967760736178774
2024-05-24,0.02183971682652793
2024-05-27,0.021460991248566843
2024-05-28,0.02143035994027275
2024-05-29,0.02146551711313565
2024-05-30,0.021980622485166485
2024-05-31,0.02178263908314446
2024-06-03,0.02169491605754019
2024-06-04,0.021625857265241077
2024-06-05,0.021651246222179923
2024-06-06,0.021216002082325085
2024-06-07,0.012114218576075109
2024-06-10,0.010187850089125825
2024-06-11,0.009358158691197889
2024-06-12,0.009358016674460599
2024-06-13,0.009511787204148492
2024-06-14,0.009605696438486298
2024-06-17,0.009587204376784307
2024-06-18,0.009375690094219798
2024-06-19,0.009111492234226729
2024-06-20,0.00916321936680293
2024-06-21,0.009532735757374221
2024-06-24,0.009565442153791334
2024-06-25,0.010530619451085105
2024-06-26,0.010373651133897203
2024-06-27,0.010343066871405113
2024-06-28,0.010820752053436598
2024-07-01,0.010817661700904249
2024-07-02,0.010982183771615861
2024-07-03,0.010831457178105611
2024-07-04,0.010296435691336986
2024-07-05,0.01108299858146151
2024-07-08,0.011258770771951311
2024-07-09,0.011222970589797288
2024-07-10,0.011302097403770599
2024-07-11,0.01197681976495488
2024-07-12,0.012015083103977857
2024-07-15,0.012054077394077444
2024-07-16,0.012426313817902343
2024-07-17,0.012758183490594948
2024-07-18,0.013186908113570404
2024-07-19,0.012951949570367651
2024-07-22,0.013532252767702594
2024-07-23,0.013449604447274832
2024-07-24,0.01647792230597128
2024-07-25,0.017222073399254655
2024-07-26,0.017100966199087526
2024-07-29,0.017362972471729993
2024-07-30,0.017274599311397458
2024-07-31,0.01733960815672934
2024-08-01,0.01729315211194133
2024-08-02,0.017379935266816138
2024-08-05,0.019068887185306537
2024-08-06,0.018183616678991606
2024-08-07,0.018244840889975227
2024-08-08,0.018623307682220896
2024-08-09,0.01863335714007527
2024-08-12,0.018588547673253606
2024-08-13,0.018566063789498908
2024-08-14,0.01884180991136463
2024-08-15,0.01892317074842718
2024-08-16,0.01828280644322353
2024-08-19,0.01895715344619554
2024-08-20,0.01899055721766926
2024-08-21,0.01876886047978475
2024-08-22,0.018230155874726713
2024-08-23,0.018439749366650923
2024-08-26,0.018359225953235806
2024-08-27,0.018284190390022534
2024-08-28,0.018195613635024737
2024-08-29,0.01798439914278306
2024-08-30,0.018133420874761615
2024-09-02,0.017514845142050192
2024-09-03,0.018556945817786632
2024-09-04,0.01631419762810178
2024-09-05,0.015478424456599426
2024-09-06,0.017033442779859385
2024-09-09,0.01676312683235974
2024-09-10,0.016698977516931585
2024-09-11,0.017011657880595873
2024-09-12,0.01772371692512673
2024-09-13,0.017664065759918055
2024-09-16,0.01564232838175303
2024-09-17,0.015670656792876183
2024-09-18,0.015663102251585702
2024-09-19,0.015486169681569914
2024-09-20,0.01546160866344275
2024-09-23,0.01550904967014034
2024-09-24,0.015366944146272515
2024-09-25,0.014771946174996092
2024-09-26,0.01479984271906211
2024-09-27,0.01474449114972064
2024-09-30,0.014302155185076744
2024-10-01,0.014347917724214392
2024-10-02,0.014326563418808277
2024-10-03,0.014131477638025372
2024-10-04,0.014049396887077147
2024-10-07,0.014759524942356583
2024-10-08,0.014764077693836199
2024-10-09,0.01489550994467735
2024-10-10,0.01484775793469367
2024-10-11,0.014794630112844591
2024-10-14,0.014917502306192116
2024-10-15,0.013089405256555
2024-10-16,0.013030582038701641
2024-10-17,0.013314350220842654
2024-10-18,0.010657916603714197
2024-10-21,0.01021450563048427
2024-10-22,0.010207386415372109
2024-10-23,0.010399240363170964
2024-10-24,0.009650609071580017
2024-10-25,0.009532048804188533
2024-10-28,0.009613301317150921
2024-10-29,0.009981456218022685
2024-10-30,0.011028928150402314
2024-10-31,0.011527598426582315
2024-11-01,0.011449514870353516
2024-11-04,0.01150162740612318
2024-11-05,0.011502572805061746
2024-11-06,0.013320467793980304
2024-11-07,0.01382969315260232
2024-11-08,0.014143172881661777
2024-11-11,0.014135451870702961
2024-11-12,0.01413713756115952
2024-11-13,0.014414571866445161
2024-11-14,0.014918853030120303
2024-11-15,0.015303697994147632
2024-11-18,0.014737667008988948
2024-11-19,0.014904850204606532
2024-11-20,0.014775959982796658
2024-11-21,0.017506776337468607
2024-11-22,0.017782618333512655
2024-11-25,0.017962664079564827
2024-11-26,0.01801999082171121
2024-11-27,0.01801360876807373
2024-11-28,0.017808551503963134
2024-11-29,0.017813182659975807
2024-12-02,0.01798523580435249
2024-12-03,0.01796456225136704
2024-12-04,0.017952749700773808
2024-12-05,0.018086928141690165
2024-12-06,0.01800490823141211
2024-12-09,0.017968021389421145
2024-12-10,0.02020396884913216
2024-12-11,0.021799885422133722
2024-12-12,0.02174210950969142
2024-12-13,0.02191154388374896
2024-12-16,0.022459202069477442
2024-12-17,0.022552663011870793
2024-12-18,0.02280697766335641
2024-12-19,0.022442255081426325
2024-12-20,0.02239968101720025
2024-12-23,0.02249680531028718
2024-12-24,0.022500833300531042
2024-12-25,0.022256036525195467
2024-12-26,0.02190630042137615
2024-12-27,0.021808146499330775
2024-12-30,0.0217783928398666
2024-12-31,0.02176273629882757
2025-01-01,0.02160295148372411
2025-01-02,0.019339795644240324
2025-01-03,0.01896333362360858
2025-01-06,0.019224472836316845
2025-01-07,0.0193452037636438
2025-01-08,0.019472250214707033
2025-01-09,0.019472250214707033
2025-01-10,0.01962085870157679
2025-01-13,0.01959221242619462
2025-01-14,0.019674245355509285
2025-01-15,0.020135887819403828
2025-01-16,0.020232287839891446
2025-01-17,0.020300547815379856
2025-01-20,0.020311660722666193
2025-01-21,0.017982165265874775
2025-01-22,0.015121865328287359
2025-01-23,0.01473402145795
2025-01-24,0.014659991887843216
2025-01-27,0.015414237126452084
2025-01-28,0.01575268094444611
2025-01-29,0.014158874237753588
2025-01-30,0.014951521588057017
2025-01-31,0.014960514715372228
2025-02-03,0.014971921980924882
2025-02-04,0.015571899442730557
2025-02-05,0.021035283820182993
2025-02-06,0.021036328613618857
2025-02-07,0.021723716244913625
2025-02-10,0.021727185820486935
2025-02-11,0.02167993735665825
2025-02-12,0.021735486299453922
2025-02-13,0.02189956398119503
2025-02-14,0.021773688226827764
2025-02-17,0.02115773190967162
2025-02-18,0.021165505683233426
2025-02-19,0.021215191100111493
2025-02-20,0.021217248163312608
2025-02-21,0.021667683639688195
2025-02-24,0.021659503208884035
2025-02-25,0.02193454793793029
2025-02-26,0.02112842322345173
2025-02-27,0.02139854825621473
2025-02-28,0.021243600246297394
2025-03-03,0.021390488395028617
2025-03-04,0.021835461197838975
2025-03-05,0.022029515124864205
2025-03-06,0.022024530107915465
2025-03-07,0.021967722487037353
2025-03-10,0.02215559967133467
2025-03-11,0.021754917122376913
2025-03-12,0.02217906698647647
2025-03-13,0.021612816477435178
2025-03-14,0.021652282761352788
2025-03-17,0.021614064969274295
2025-03-18,0.020919404184936458
2025-03-19,0.017255332735597064
2025-03-20,0.01721287727409493
2025-03-21,0.01652984209510362
2025-03-24,0.017124327682706143
2025-03-25,0.017518874103146745
2025-03-26,0.018328608886731455
2025-03-27,0.018197056017576776
2025-03-28,0.019999889619064747
2025-03-31,0.020024145488616335
2025-04-01,0.02040210278153248
2025-04-02,0.020270861157190314
2025-04-03,0.021282276675260357
2025-04-04,0.02157648615328148
2025-04-07,0.021731528758072743
2025-04-08,0.02159573679651161
2025-04-09,0.028048707523297082
2025-04-10,0.028498315400030682
2025-04-11,0.02895944666545311
2025-04-14,0.028903722120715004
2025-04-15,0.02865623187859864
2025-04-16,0.02865828072837338
2025-04-17,0.028719440779419146
2025-04-18,0.028626689903243914
2025-04-21,0.027789824437743638
2025-04-22,0.028257944070328708
2025-04-23,0.0284587559476543
2025-04-24,0.028513474685382508
2025-04-25,0.028514563925350924
2025-04-28,0.028523927066288302
2025-04-29,0.028237315401507666
2025-04-30,0.028020417036794303
2025-05-01,0.028161454975060826
2025-05-02,0.028302831070438423
2025-05-05,0.02799133960071373
2025-05-06,0.027803507712603835
2025-05-07,0.030421522129828182
2025-05-08,0.030550619566836315
2025-05-09,0.02921305917235313
2025-05-12,0.029985739642968866
2025-05-13,0.02987859357767728
2025-05-14,0.030569757102243144
2025-05-15,0.029559731522049618
2025-05-16,0.02875626795121119
2025-05-19,0.028751619062049268
2025-05-20,0.028783981387889318
2025-05-21,0.023958139047416907
2025-05-22,0.02282334290519547
2025-05-23,0.022577942021831995
2025-05-26,0.022503497029606693
2025-05-27,0.02260900635655804
2025-05-28,0.022241657815695537
2025-05-29,0.022017640004377906
2025-05-30,0.02202268851794888
2025-06-02,0.021740667126486174
2025-06-03,0.021713399930956608
2025-06-04,0.021365997023737437
2025-06-05,0.02094497613121693
2025-06-06,0.0214991644779464
2025-06-09,0.02152133335415947
2025-06-10,0.021583300709379652
2025-06-11,0.021555708327438663
2025-06-12,0.021562507742535434
2025-06-13,0.02145572577561549
2025-06-16,0.021529000978691766
2025-06-17,0.02151221917837666
2025-06-18,0.016123811496917648
2025-06-19,0.015909233776254854
2025-06-20,0.01760362774931166
2025-06-23,0.016520368288952557
2025-06-24,0.01655905150827903
2025-06-25,0.015789222790058066
2025-06-26,0.01592687001758727
2025-06-27,0.016518248130003556
2025-06-30,0.016755893842199936
2025-07-01,0.016452629605374167
2025-07-02,0.015965214331106807
2025-07-03,0.015825398700119144
2025-07-04,0.015545631440966145
2025-07-07,0.015869532991470425
2025-07-08,0.015424555576427308
2025-07-09,0.015577234076958076
2025-07-10,0.01558430566498381
2025-07-11,0.015764691096400125
2025-07-14,0.01544307684632346
2025-07-15,0.015001286809448408
2025-07-16,0.014929830678783418
2025-07-17,0.014925574770926946
2025-07-18,0.013925076372847053
2025-07-21,0.01446122947184254
2025-07-22,0.01431630004789288
2025-07-23,0.01429090586537216
2025-07-24,0.014184101857563844
2025-07-25,0.014089401959913234
2025-07-28,0.014040891745878779
2025-07-29,0.01417590701687378
2025-07-30,0.01373307288366285
2025-07-31,0.014643467528516646
2025-08-01,0.012725958833658903
2025-08-04,0.013366801464351792
2025-08-05,0.013411979302020738
2025-08-06,0.012982636951508406
2025-08-07,0.012788888589122175
2025-08-08,0.012562115501882484
2025-08-11,0.012206804023203644
2025-08-12,0.012209368585306586
2025-08-13,0.012207612464351135
2025-08-14,0.01220731441050166
2025-08-15,0.012183233509144215
2025-08-18,0.011673689270058072
2025-08-19,0.01146232821571989
2025-08-20,0.01172085649558582
2025-08-21,0.011721593831025267
2025-08-22,0.01261198905023621
2025-08-25,0.012666965238446185
2025-08-26,0.012823762050309433
2025-08-27,0.012831408612042149
2025-08-28,0.01314395521006002
2025-08-29,0.01313160428717834
2025-09-01,0.012464827534236288
2025-09-02,0.012616177523168754
2025-09-03,0.019755176403573025
2025-09-04,0.019743185603585407
2025-09-05,0.01976492095468505
2025-09-08,0.019766423374490565
2025-09-09,0.019934749566859356
2025-09-10,0.019992270045823046
2025-09-11,0.019155120340173467
2025-09-12,0.018733563903449213
2025-09-15,0.01942348006387632
2025-09-16,0.019421479437516313
2025-09-17,0.01961414874416807
2025-09-18,0.019585229671814332
2025-09-19,0.019348622682092715
2025-09-22,0.01950097386318681
2025-09-23,0.019589120161702337
2025-09-24,0.019972055082650857
2025-09-25,0.020094701858231045
2025-09-26,0.02010188866540287
2025-09-29,0.02027363356969722
2025-09-30,0.020149793757814397
2025-10-01,0.019877084785603977
2025-10-02,0.01986927344600842
2025-10-03,0.01937933771566781
2025-10-06,0.01953803978297406
2025-10-07,0.019938491657864776
2025-10-08,0.020015879116134245
2025-10-09,0.020094620168098612
2025-10-10,0.020609649224542188
2025-10-13,0.02121812559971324
2025-10-14,0.021097867147894366
2025-10-15,0.014716690954543208
2025-10-16,0.014696065917419902
2025-10-17,0.014627623515278661
2025-10-20,0.014701857344819037
2025-10-21,0.014976045278785306
2025-10-22,0.014974499646484646
2025-10-23,0.014978604834820407
2025-10-24,0.01565610664412747
2025-10-27,0.014936730518003975
2025-10-28,0.015009515894646575
2025-10-29,0.015541268318765877
2025-10-30,0.01599623989665031
2025-10-31,0.015963482512341053
2025-11-03,0.01583269738495418
2025-11-04,0.0164791841142528
2025-11-05,0.016392493361077464
2025-11-06,0.01629241214579122
2025-11-07,0.01696509574740857
2025-11-10,0.01792954935576311
2025-11-11,0.01783993147990805
2025-11-12,0.01828077594421118
2025-11-13,0.019309548402915794
2025-11-14,0.019408311909990025
2025-11-17,0.019792324195256707
2025-11-18,0.019355162736050154
2025-11-19,0.019779253557058892
2025-11-20,0.01974218622379654
2025-11-21,0.01974235271629195
2025-11-24,0.02162344717366402
2025-11-25,0.021642119844656624
2025-11-26,0.021791704651458403
2025-11-27,0.02181120130524186
2025-11-28,0.021851843479726935
2025-12-01,0.02227814717725649
2025-12-02,0.02152167014146871
2025-12-03,0.021528681678872823
2025-12-04,0.021682734044683783
2025-12-05,0.02139652013932993
2025-12-08,0.021394855534433873
2025-12-09,0.02129864129838753
2025-12-10,0.020962176439426734
2025-12-11,0.021300618752483635
2025-12-12,0.021431103119398436
2025-12-15,0.02143597734967777
2025-12-16,0.02098226029284747
2025-12-17,0.021595493102929658
2025-12-18,0.021836409885252303
2025-12-19,0.021521485677303075
2025-12-22,0.020429914182784534
2025-12-23,0.02055372650313606
2025-12-24,0.020268656377224976
2025-12-25,0.01936950352477327
2025-12-26,0.01927482930081654
2025-12-29,0.018624870075459543
2025-12-30,0.01859810490986285
2025-12-31,0.01794984762455048
2026-01-01,0.017766942614415547
2026-01-02,0.016733079996217287
2026-01-05,0.012424291594043511
2026-01-06,0.012135927923476371
2026-01-07,0.012804129803511415
2026-01-08,0.01294536576846815
2026-01-09,0.013048920744934583
2026-01-12,0.012715686368160055
2026-01-13,0.012859659473086807
2026-01-14,0.012727852950742954
2026-01-15,0.01279974866503015
2026-01-16,0.012785176199893146
2026-01-19,0.011955853943439693
2026-01-20,0.012746222365230197
2026-01-21,0.013113188091445306
2026-01-22,0.012233405810795133
2026-01-23,0.012166269087583195
2026-01-26,0.012389160869114077
2026-01-27,0.012298657440039018
2026-01-28,0.010301910401175179
2026-01-29,0.009919198832559286
2026-01-30,0.009698693838645177
2026-02-02,0.00996525447734126
2026-02-03,0.010103133543611843
2026-02-04,0.010889579624699589
2026-02-05,0.010967081697890006
2026-02-06,0.01204632183668801
2026-02-09,0.012062303162868262
2026-02-10,0.012550569060410128
2026-02-11,0.013329710324421781
2026-02-12,0.013376053506808745
2026-02-13,0.013429789046144827
2026-02-16,0.013392600488030804
2026-02-17,0.013503702900315159
2026-02-18,0.012682876272333282
2026-02-19,0.012455753907802047
2026-02-20,0.01445909391922504
2026-02-23,0.014400063183945027
2026-02-24,0.014140755279317893
2026-02-25,0.014231396130219348
2026-02-26,0.014459443890644982
2026-02-27,0.01473369421645135
2026-03-02,0.014981447121427157
2026-03-03,0.014462106657200364
2026-03-04,0.013877495679394357
2026-03-05,0.013791845927157008
2026-03-06,0.013791214096279624
2026-03-09,0.0144161555620874
2026-03-10,0.01439310532751554
2026-03-11,0.014412208803623344
2026-03-12,0.014518295804994008
2026-03-13,0.0145086464063915
2026-03-16,0.014260475174532826
2026-03-17,0.014695026265821554
2026-03-18,0.014420112262841588
2026-03-19,0.014411156888625052
2026-03-20,0.01413907570795397
2026-03-23,0.01412364971092319
2026-03-24,0.015413076849586512
2026-03-25,0.014904472233671272
2026-03-26,0.016054460725230674
2026-03-27,0.016436616772230784
2026-03-30,0.016423072568908098
2026-03-31,0.01904333787193769
2026-04-01,0.020080641934348123
2026-04-02,0.020099433316325875
2026-04-03,0.018626900297057762
2026-04-06,0.018774596527808166
2026-04-07,0.01910122360569615
2026-04-08,0.020336027895801353
2026-04-09,0.020045932687355356
2026-04-10,0.01991478968045768
2026-04-13,0.019749509774240025
2026-04-14,0.020564921555323377
2026-04-15,0.02061691750838361
2026-04-16,0.020553903964865724
2026-04-17,0.02056625500670711
2026-04-20,0.02035705106080474
2026-04-21,0.020636698383357296
2026-04-22,0.02090174246354509
