Date,Log_Return
2018-06-05,-0.0067653572418493405
2018-06-06,0.016892806679375066
2018-06-07,0.005239639178545163
2018-06-08,-0.0002571669049291471
2018-06-11,0.00299471666642121
2018-06-12,-0.006256357050804572
2018-06-13,0.005145267861511415
2018-06-14,-0.0007704446029122216
2018-06-15,-0.007431526712101049
2018-06-18,-0.0022877405284198447
2018-06-19,-0.013356481147199386
2018-06-20,-0.0021924217755895756
2018-06-21,-0.0036938858301663598
2018-06-22,-0.004238532803245411
2018-06-25,-0.020020280117717098
2018-06-26,0.00018048454253301224
2018-06-27,-0.006338330001758945
2018-06-28,0.01460797269364129
2018-06-29,-0.012837936092615946
2018-07-02,0.012121751685587228
2018-07-03,-0.012983707098316893
2018-07-04,0.0
2018-07-05,0.0016320572222797416
2018-07-06,0.004745510250230146
2018-07-09,0.027570819932369373
2018-07-10,-0.0050127636781048665
2018-07-11,-0.005259560952449834
2018-07-12,0.006889326399711086
2018-07-13,-0.003571326514153489
2018-07-16,0.021973281591353085
2018-07-17,-0.0018163492417980285
2018-07-18,0.0009516030011033643
2018-07-19,-0.006986707813648424
2018-07-20,0.008931040669282159
2018-07-23,0.008894730352429573
2018-07-24,0.009028146172328227
2018-07-25,0.0034281146663067965
2018-07-26,0.0017725683661257365
2018-07-27,0.0022329983906524474
2018-07-30,0.005497249836195173
2018-07-31,-0.006381202878590271
2018-08-01,-0.005871770677258587
2018-08-02,-0.008722788022776946
2018-08-03,0.0004271899059881096
2018-08-06,0.00782958544891238
2018-08-07,0.008020881897664575
2018-08-08,-0.006157823679179632
2018-08-09,-0.011017503382815055
2018-08-10,-0.017998611039134124
2018-08-13,-0.01204894413682827
2018-08-14,0.011831323820878295
2018-08-15,-0.0013514196200994555
2018-08-16,0.01622537919363894
2018-08-17,0.0016295994324113628
2018-08-20,0.010230915162934503
2018-08-21,0.01209916422253612
2018-08-22,0.002887058227250857
2018-08-23,-0.012613794054192348
2018-08-24,-0.00521782553010551
2018-08-27,0.03136060478135459
2018-08-28,-0.000948626867555169
2018-08-29,-0.0007038398693393319
2018-08-30,-0.00831974275822601
2018-08-31,-0.0066638521592814375
2018-09-03,0.0
2018-09-04,-0.0006306962233532403
2018-09-05,-0.00042083853233831854
2018-09-06,-0.012879552014194953
2018-09-07,-0.0026043900168299314
2018-09-10,-0.00858698276605847
2018-09-11,-0.007357488839858739
2018-09-12,-0.00898844143376514
2018-09-13,0.0007884800008228042
2018-09-14,0.003977659994360714
2018-09-17,-0.005906482706224891
2018-09-18,0.004378362923825738
2018-09-19,0.028808826889644295
2018-09-20,0.007696082973852007
2018-09-21,-0.008715179068449812
2018-09-24,-0.01042210889533088
2018-09-25,-0.0017190303427349217
2018-09-26,-0.015692343274739826
2018-09-27,-0.0049931701096269316
2018-09-28,-0.015487579867311776
2018-10-01,0.004849125655537449
2018-10-02,0.0032786388269535833
2018-10-03,0.00753560672710589
2018-10-04,-0.0013180283573193635
2018-10-05,-0.007811750637935775
2018-10-08,-0.001595909747128072
2018-10-09,-0.010886247563837301
2018-10-10,-0.03664229276006021
2018-10-11,-0.008974857530109846
2018-10-12,0.004217192358451665
2018-10-15,0.006292374755880593
2018-10-16,0.0296642887887148
2018-10-17,0.029247666131279708
2018-10-18,-0.014694637287241909
2018-10-19,0.008895697655259244
2018-10-22,-0.023899785553087353
2018-10-23,-0.013813510638308652
2018-10-24,-0.04386553598770779
2018-10-25,0.022827733348770536
2018-10-26,-0.007739870356695216
2018-10-29,0.009980176822354121
2018-10-30,0.022086521408883526
2018-10-31,0.027393958534579144
2018-11-01,0.00707419358765032
2018-11-02,0.011912709424016114
2018-11-05,-0.004231960693454636
2018-11-06,-0.0022763741020871424
2018-11-07,0.013406877618603805
2018-11-08,0.0015987246334178242
2018-11-09,-0.03962686353171455
2018-11-12,-0.07748214709455863
2018-11-13,-0.004864696078982263
2018-11-14,-0.012563563486250954
2018-11-15,0.006154247311653513
2018-11-16,-0.007983230473534574
2018-11-19,-0.01948389771214586
2018-11-20,-0.035325498437244036
2018-11-21,0.006563420962375709
2018-11-22,0.0
2018-11-23,-0.018339356075911133
2018-11-26,0.027333139181832555
2018-11-27,-0.003556935017015267
2018-11-28,0.0239808582493297
2018-11-29,-0.013761566778394891
2018-11-30,-0.021581256171689985
2018-12-03,0.004917336664645558
2018-12-04,-0.03894733652644741
2018-12-05,0.0
2018-12-06,-0.0011942675598924707
2018-12-07,-0.02430298492459922
2018-12-10,-0.004685823840753625
2018-12-11,-0.01141707874968843
2018-12-12,-0.0005656180415199635
2018-12-13,-0.004423721490483364
2018-12-14,-0.01806837928462905
2018-12-17,-0.027937324933607646
2018-12-18,0.0205594700100722
2018-12-19,-0.013206456959183066
2018-12-20,-0.004975136510449664
2018-12-21,-0.050915495644665375
2018-12-24,-0.023388933442536404
2018-12-25,0.0
2018-12-26,0.04122340280355201
2018-12-27,0.015106538541240316
2018-12-28,-0.014493020906396707
2018-12-31,0.024359096349221437
2019-01-01,0.0
2019-01-02,0.02937574564538509
2019-01-03,-0.014756937774712897
2019-01-04,0.03215984501603996
2019-01-07,0.005525918144421316
2019-01-08,-0.0036996801254836173
2019-01-09,0.006252717876847988
2019-01-10,-0.0026670902623149757
2019-01-11,0.005270409194625464
2019-01-14,0.010066223126318323
2019-01-15,0.006636446220965427
2019-01-16,0.09115308330129507
2019-01-17,0.010146946365796649
2019-01-18,0.01718060035159729
2019-01-21,0.0
2019-01-22,-0.024287626621732426
2019-01-23,-0.003954032619633796
2019-01-24,0.004560762590319544
2019-01-25,0.01475393290768935
2019-01-28,-0.005094170275852658
2019-01-29,0.00389785856917331
2019-01-30,0.009827056015535721
2019-01-31,-0.022323784754277147
2019-02-01,-0.007451375800413354
2019-02-04,0.005985915308483947
2019-02-05,0.0014654604919293011
2019-02-06,-0.007044379292455933
2019-02-07,-0.018220071011123593
2019-02-08,-0.007277684558968721
2019-02-11,-0.0017759053932365307
2019-02-12,0.016381260355843714
2019-02-13,0.0010278038646691346
2019-02-14,-0.011156752650043419
2019-02-15,0.030537385301447503
2019-02-18,0.0
2019-02-19,0.0008559986905601448
2019-02-20,-0.0003523920564207764
2019-02-21,-0.011342894938655437
2019-02-22,-0.0018354042855874013
2019-02-25,0.013430007465866957
2019-02-26,0.0012576829003942134
2019-02-27,-1.823433139747703e-07
2019-02-28,-0.00709180327441653
2019-03-01,0.007596584533377482
2019-03-04,-0.011263818067386347
2019-03-05,0.00010182927312870678
2019-03-06,-0.006449214969860573
2019-03-07,-0.010167550480068436
2019-03-08,0.012731896820215801
2019-03-11,0.0037322590751557192
2019-03-12,0.003361962222675211
2019-03-13,0.003148085524522148
2019-03-14,0.0011147259586260824
2019-03-15,0.003992498259187674
2019-03-18,0.02101228516153444
2019-03-19,-0.006689601203082581
2019-03-20,-0.03439529681006559
2019-03-21,0.0013368652538024103
2019-03-22,-0.02930804166657677
2019-03-25,-0.002384256032594018
2019-03-26,0.011498074938934549
2019-03-27,-0.003467154134920659
2019-03-28,0.006033272694150015
2019-03-29,0.0042280116369697454
2019-04-01,0.02443966841209682
2019-04-02,0.0038554897390536504
2019-04-03,0.016869371557290593
2019-04-04,0.006797908760455301
2019-04-05,0.0007413528814846838
2019-04-08,0.0007902067589465067
2019-04-09,-0.009524574842407551
2019-04-10,0.011694740660247645
2019-04-11,-0.0007392496814765517
2019-04-12,0.024400474574156398
2019-04-15,-0.03890136146080622
2019-04-16,0.009608084869364016
2019-04-17,0.029581826718558617
2019-04-18,-0.009618054849983014
2019-04-19,0.0
2019-04-22,-0.006382453238473399
2019-04-23,-0.002250458144339275
2019-04-24,-0.017792536075143778
2019-04-25,0.0042790600616320435
2019-04-26,0.008307226561646256
2019-04-29,0.018732288409229757
2019-04-30,-0.004844623144609755
2019-05-01,-0.005795842840380007
2019-05-02,0.0012694613591896365
2019-05-03,0.012266343729808006
2019-05-06,-0.005266551020791743
2019-05-07,-0.018579372904437678
2019-05-08,-0.008325392404083332
2019-05-09,0.0033780363244893586
2019-05-10,0.0020810002750352094
2019-05-13,-0.03566960879704197
2019-05-14,0.0066965502490594075
2019-05-15,0.0006108064168191994
2019-05-16,0.01385504358091855
2019-05-17,-0.008624313547378516
2019-05-20,-0.000962752607561437
2019-05-21,0.00943640958999017
2019-05-22,-0.018194970178310448
2019-05-23,-0.01832319197331901
2019-05-24,0.005350924813782985
2019-05-27,0.0
2019-05-28,-0.018617866137103693
2019-05-29,-0.0028674361925312285
2019-05-30,-0.0036227410266331576
2019-05-31,-0.02638992340459669
2019-06-03,0.003828487994267001
2019-06-04,0.03586873638819252
2019-06-05,-0.007612857113570462
2019-06-06,0.007243775467754485
2019-06-07,0.0
2019-06-10,0.02245305357554709
2019-06-11,0.003137508653650338
2019-06-12,-0.02343246184016577
2019-06-13,0.00644536973077026
2019-06-14,0.0010960465658752068
2019-06-17,-0.004339778600831617
2019-06-18,0.021513802956768625
2019-06-19,0.0033793087165091933
2019-06-20,0.00030654414085103983
2019-06-21,0.0012256965492150715
2019-06-24,0.007879223939865204
2019-06-25,-0.007266984433275502
2019-06-26,0.004833726647752934
2019-06-27,0.011657027577308557
2019-06-28,0.026145230053971173
2019-07-01,0.010985316354993387
2019-07-02,-0.004263238752643856
2019-07-03,0.0002915073034056769
2019-07-04,0.0
2019-07-05,0.008986877797540718
2019-07-08,-0.010395452467524553
2019-07-09,0.009769976202772677
2019-07-10,-0.008701181569289574
2019-07-11,0.025785058666908417
2019-07-12,0.012179953233130146
2019-07-15,-0.011092383167978748
2019-07-16,0.01845048528730432
2019-07-17,-0.010353911719386433
2019-07-18,0.005703102252588485
2019-07-19,-0.004672372186469646
2019-07-22,0.002245574238355418
2019-07-23,0.025057327813925185
2019-07-24,0.011779344348792391
2019-07-25,-0.00927618565657634
2019-07-26,0.009771095835786985
2019-07-29,-0.008226517018065616
2019-07-30,0.0048896982698540085
2019-07-31,-0.005752512713211068
2019-08-01,-0.03952080542793551
2019-08-02,-0.010594658140782982
2019-08-05,-0.03742075148104126
2019-08-06,0.02124275640453483
2019-08-07,-0.0013115949459438334
2019-08-08,0.006105416975086937
2019-08-09,-0.00048332018530648335
2019-08-12,-0.026346664315346872
2019-08-13,0.012770216928423445
2019-08-14,-0.04279167827481326
2019-08-15,0.0031650341251427566
2019-08-16,0.016380951745192204
2019-08-19,0.013844179494057507
2019-08-20,-0.011040026143796537
2019-08-21,0.0034940580077848764
2019-08-22,0.008633428254404569
2019-08-23,-0.031210589130826322
2019-08-26,0.017431454307101392
2019-08-27,-0.007945139580338935
2019-08-28,0.011794541976554128
2019-08-29,0.02121250251164019
2019-08-30,0.0023074130079416043
2019-09-02,0.0
2019-09-03,-0.02452465540171988
2019-09-04,0.013776134107092278
2019-09-05,0.026030207409608815
2019-09-06,0.0007724968070630328
2019-09-09,0.022759004063419335
2019-09-10,0.01707199180089318
2019-09-11,0.005411503344179875
2019-09-12,0.008908503304220173
2019-09-13,0.005289022260520109
2019-09-16,-0.012262279123026557
2019-09-17,-0.006048702127889248
2019-09-18,0.005403843964665213
2019-09-19,-0.008558520857503091
2019-09-20,-0.006946846318087919
2019-09-23,-0.0013107327737400512
2019-09-24,-0.027114362522664432
2019-09-25,0.010914864339808029
2019-09-26,-0.008654923176248375
2019-09-27,0.0035956883160488456
2019-09-30,-0.008361566672788267
2019-10-01,-0.022151604560252326
2019-10-02,-0.02214886042955859
2019-10-03,-0.005107520216855498
2019-10-04,0.017888329259965398
2019-10-07,-0.0019942423981362026
2019-10-08,-0.015235172944704696
2019-10-09,-0.002638173916562335
2019-10-10,0.015225141141018634
2019-10-11,0.023780411822570156
2019-10-14,0.005554436193507011
2019-10-15,0.0031045695060707592
2019-10-16,0.0046389860328790045
2019-10-17,-0.0046389860328790436
2019-10-18,0.00029083291992306284
2019-10-21,0.013132382425236271
2019-10-22,0.0016712280647410598
2019-10-23,0.00817271348778495
2019-10-24,-0.001278510235704104
2019-10-25,0.01495491651019147
2019-10-28,0.01629740687262053
2019-10-29,-0.0005052708822284251
2019-10-30,-0.008443917022476313
2019-10-31,-0.011323534956032602
2019-11-01,0.018618069053778084
2019-11-04,0.01134363371363193
2019-11-05,-0.005609966246496103
2019-11-06,-0.001006762267783752
2019-11-07,0.02205152411025096
2019-11-08,-0.001703339839697146
2019-11-11,-0.017559160903060027
2019-11-12,0.006280710552080378
2019-11-13,-0.004957746277173257
2019-11-14,0.0005014828954816893
2019-11-15,0.0037300470256240044
2019-11-18,-0.0023638724013475706
2019-11-19,0.0014097854953841727
2019-11-20,-0.009726966942910299
2019-11-21,0.001467075886518713
2019-11-22,0.009350097523238269
2019-11-25,0.011150478294647609
2019-11-26,-0.0013475595947037376
2019-11-27,0.002245085157739166
2019-11-28,0.0
2019-11-29,-0.00157998829209447
2019-12-02,-0.01690289307885601
2019-12-03,-0.025124572184615
2019-12-04,0.017283004988452613
2019-12-05,0.0055417059811390034
2019-12-06,0.033823355485327916
2019-12-09,-0.012544569438628287
2019-12-10,0.00031555779466520923
2019-12-11,-0.0031145208786963357
2019-12-12,0.02173396547553576
2019-12-13,-0.004655665914826987
2019-12-16,0.01342076185186889
2019-12-17,0.013545620938734907
2019-12-18,-0.003032682038746934
2019-12-19,-0.0022157684385971394
2019-12-20,-0.004402002879049396
2019-12-23,0.0006985754977188089
2019-12-24,0.0035729850456218456
2019-12-25,0.0
2019-12-26,0.005638514934438691
2019-12-27,-0.0023815488623785074
2019-12-30,-0.0037354518091347578
2019-12-31,0.0005654234265690575
2020-01-01,0.0
2020-01-02,0.018912869264450488
2020-01-03,-0.011762390446444091
2020-01-06,0.010182048489795165
2020-01-07,0.006561265385112383
2020-01-08,0.009592966017119103
2020-01-09,0.02015240395727783
2020-01-10,-0.0020218234420718104
2020-01-13,0.012722783878591886
2020-01-14,0.0018335671330572396
2020-01-15,-0.0018335671330573426
2020-01-16,0.01822539292447304
2020-01-17,-0.001041761232923027
2020-01-20,0.0
2020-01-21,-0.015187415347462001
2020-01-22,0.005479438893552093
2020-01-23,-0.00596761061267267
2020-01-24,-0.015016011427088435
2020-01-27,-0.01574827886026737
2020-01-28,0.01847281488310159
2020-01-29,-0.010192596422118406
2020-01-30,0.01656186054900614
2020-01-31,-0.026481122014733696
2020-02-03,0.005285689105894975
2020-02-04,0.012184401531013262
2020-02-05,0.009707292136608115
2020-02-06,-0.010203346283306474
2020-02-07,-0.01592309713612786
2020-02-10,-0.002692972654637918
2020-02-11,-0.003798647256122639
2020-02-12,0.009219053396897098
2020-02-13,-0.0012577478052194517
2020-02-14,-0.005342406193923504
2020-02-17,0.0
2020-02-18,-0.01645864592985768
2020-02-19,0.017512328833016278
2020-02-20,-0.019572432995399004
2020-02-21,-0.009107915525496965
2020-02-24,-0.02671746236079592
2020-02-25,-0.031349184178840514
2020-02-26,-0.00844537640706999
2020-02-27,-0.04788885193908306
2020-02-28,-0.01811473246577285
2020-03-02,0.04242053968252673
2020-03-03,-0.029258535997409945
2020-03-04,0.02576745453868048
2020-03-05,-0.04884050770570094
2020-03-06,-0.030336330611814753
2020-03-09,-0.10972009861374277
2020-03-10,0.06464363269588325
2020-03-11,-0.06998122975158232
2020-03-12,-0.13169691454079968
2020-03-13,0.1619518287677914
2020-03-16,-0.13588058811005116
2020-03-17,0.02559743514666299
2020-03-18,-0.12504151198980223
2020-03-19,0.06544440047515086
2020-03-20,-0.0770090351771362
2020-03-23,-0.025168275232640883
2020-03-24,0.1292994692281808
2020-03-25,0.009911586659872466
2020-03-26,0.0664584704673014
2020-03-27,-0.045977220847949474
2020-03-30,0.008051467212644927
2020-03-31,-0.032019515564678594
2020-04-01,-0.06204479625482722
2020-04-02,0.031436938818730886
2020-04-03,-0.020212454818717113
2020-04-06,0.07409350611675902
2020-04-07,0.048058416272040674
2020-04-08,0.06381564613350568
2020-04-09,0.04042418343060463
2020-04-10,0.0
2020-04-13,-0.027957060878128603
2020-04-14,-0.005315977638744552
2020-04-15,0.0016258374459350317
2020-04-16,-0.008325012030758439
2020-04-17,0.03578466973910251
2020-04-20,-0.01698375586279386
2020-04-21,-0.03721390022410248
2020-04-22,0.012407686978210281
2020-04-23,-0.005298797927326528
2020-04-24,0.011077838348964758
2020-04-27,0.0362831651720652
2020-04-28,0.018729291893613807
2020-04-29,0.01602003551840482
2020-04-30,-0.035403435723372165
2020-05-01,-0.035064103747066144
2020-05-04,-0.006059940236306369
2020-05-05,0.012812915003626217
2020-05-06,-0.007769900689058155
2020-05-07,0.03006595172046561
2020-05-08,0.01669828378917072
2020-05-11,-0.01210174931871825
2020-05-12,-0.033024320818718714
2020-05-13,-0.031004553316440742
2020-05-14,0.015306995099356147
2020-05-15,-0.014899608278707576
2020-05-18,0.05660873482406798
2020-05-19,-0.022518906756005038
2020-05-20,0.02009683648332211
2020-05-21,-0.007412994234968669
2020-05-22,-0.0009443265964311804
2020-05-25,0.0
2020-05-26,0.08585298526360159
2020-05-27,0.06706651162280917
2020-05-28,-0.04108863712578945
2020-05-29,-0.017555561305016655
2020-06-01,0.01735552829319756
2020-06-02,0.020838887700453074
2020-06-03,0.031012235723906892
2020-06-04,0.019982295870541275
2020-06-05,0.014327590353555587
2020-06-08,0.013174517148750323
2020-06-09,-0.012348816587689188
2020-06-10,-0.02122326920879216
2020-06-11,-0.09520242928292298
2020-06-12,0.0386497902260179
2020-06-15,0.022201921049697978
2020-06-16,0.015773440629034654
2020-06-17,-0.01635529439849213
2020-06-18,-0.011462559839025319
2020-06-19,-0.010901082697558342
2020-06-22,0.008838305260452105
2020-06-23,0.006663545897713628
2020-06-24,-0.03356812586346327
2020-06-25,0.04483372520098786
2020-06-26,-0.09045013375922738
2020-06-29,0.022370684230236842
2020-06-30,0.02122350065564477
2020-07-01,-0.00025295469963150096
2020-07-02,-0.0008609516588670626
2020-07-03,0.0
2020-07-06,0.04922443547327244
2020-07-07,-0.039344194138751204
2020-07-08,0.014392427244548018
2020-07-09,-0.027164159709651033
2020-07-10,0.04339745273752603
2020-07-13,0.01602178561099187
2020-07-14,0.02426301698896808
2020-07-15,0.013413693494565185
2020-07-16,-0.010334528515967629
2020-07-17,-0.015302563945128253
2020-07-20,0.0014179585178509544
2020-07-21,0.0014633822457642497
2020-07-22,-0.02880437876479791
2020-07-23,-0.014571933455222083
2020-07-24,-0.007664030444382653
2020-07-27,0.007664030444382587
2020-07-28,-0.006919690653225962
2020-07-29,0.004750162581785244
2020-07-30,-0.015170221594745974
2020-07-31,-0.007899755505981508
2020-08-03,0.00719778812963679
2020-08-04,0.01122142713000125
2020-08-05,0.014181583802726652
2020-08-06,-0.0013209885015544598
2020-08-07,0.019490666230739
2020-08-10,0.005315414654696616
2020-08-11,0.00799174119257685
2020-08-12,0.005056721587470476
2020-08-13,-0.01778783303087977
2020-08-14,-0.00201744005706976
2020-08-17,-0.023843151613811574
2020-08-18,-0.008704778478903065
2020-08-19,0.008458354126539397
2020-08-20,-0.0057796996695288
2020-08-21,0.0028691870705199554
2020-08-24,0.023966149554249153
2020-08-25,-0.006483703500018266
2020-08-26,0.005904741071190007
2020-08-27,0.014040282819646607
2020-08-28,-0.011678448340114547
2020-08-31,-0.007731186455884562
2020-09-01,0.0028757661144719867
2020-09-02,0.02204656212573098
2020-09-03,-0.011877402896274555
2020-09-04,0.016153532230000538
2020-09-07,0.0
2020-09-08,-0.04093277198597826
2020-09-09,-0.0012851218907922188
2020-09-10,-0.010988773180616591
2020-09-11,0.004539488819059004
2020-09-14,0.0020883385399244865
2020-09-15,-0.016728170261440113
2020-09-16,0.013444695852038002
2020-09-17,-0.02958427990657207
2020-09-18,0.000153991371594816
2020-09-21,-0.004423250791551722
2020-09-22,-0.012343906178038922
2020-09-23,-0.029122564087749853
2020-09-24,0.04717176310963541
2020-09-25,-0.000820210166463189
2020-09-28,0.020913202146978078
2020-09-29,-0.011519032047675081
2020-09-30,0.021018052157359853
2020-10-01,-0.012114592173431894
2020-10-02,0.006776239098472424
2020-10-05,0.00945993880318548
2020-10-06,-0.003524311003023549
2020-10-07,0.012404514508347262
2020-10-08,0.021284825522989822
2020-10-09,-0.0021179190654199717
2020-10-12,0.03121231731498034
2020-10-13,-0.015579420949793785
2020-10-14,0.001990463498066254
2020-10-15,-0.012529020177632622
2020-10-16,-0.011523531596009561
2020-10-19,-0.002524639346445562
2020-10-20,0.01131177345016362
2020-10-21,-0.02491950508102687
2020-10-22,0.012196695527868236
2020-10-23,-0.0017543057359304354
2020-10-26,-0.019203741606194598
2020-10-27,-0.027520725867291557
2020-10-28,-0.03066761182883499
2020-10-29,0.0008953998595090329
2020-10-30,-0.004749936686527405
2020-11-02,0.00611781207954927
2020-11-03,0.03983728717441286
2020-11-04,-0.0003030520751805628
2020-11-05,0.025398456747198858
2020-11-06,-0.008411119505496436
2020-11-09,0.06571450169008328
2020-11-10,0.011748432198412642
2020-11-11,0.0026637727964761598
2020-11-12,-0.01636828812567983
2020-11-13,0.02108064841576115
2020-11-16,0.014950912553021486
2020-11-17,0.010155898282337721
2020-11-18,-0.0015592180679098633
2020-11-19,0.0012031994427598373
2020-11-20,-0.0054476254325088805
2020-11-23,0.02423931823881429
2020-11-24,0.03718838266666173
2020-11-25,-0.004050382175031626
2020-11-26,0.0
2020-11-27,-0.004831109408603753
2020-11-30,-0.020688269502936164
2020-12-01,0.011920159110480763
2020-12-02,0.023716664452696583
2020-12-03,-0.009215245008103489
2020-12-04,0.01730378043904193
2020-12-07,-0.004727808279621524
2020-12-08,0.0016342602199196107
2020-12-09,0.016526598702498986
2020-12-10,0.006485804876689734
2020-12-11,-0.01820893861468709
2020-12-14,-0.009209467215947533
2020-12-15,0.019325005947550673
2020-12-16,0.005512294332933059
2020-12-17,0.002703768198633879
2020-12-18,-0.009454142927039567
2020-12-21,0.05952357291993186
2020-12-22,-0.02717754925322469
2020-12-23,0.02511312172422467
2020-12-24,-0.0011317478723068927
2020-12-25,0.0
2020-12-28,0.013301488830220696
2020-12-29,-0.006105459969525214
2020-12-30,0.005565883609105207
2020-12-31,0.016285951230805736
2021-01-01,0.0
2021-01-04,0.004879935510607929
2021-01-05,0.022130327366691214
2021-01-06,0.052556841303657995
2021-01-07,0.021137101925151777
2021-01-08,-0.005397495314588278
2021-01-11,0.012844808600132197
2021-01-12,0.028120508329375984
2021-01-13,0.0024125563656754363
2021-01-14,0.01614308671892131
2021-01-15,-0.022534138187076606
2021-01-18,0.0
2021-01-19,-0.022883680086504345
2021-01-20,-0.012759620444467724
2021-01-21,-0.0037942136224057023
2021-01-22,6.912852347273177e-05
2021-01-25,-0.022186675749477563
2021-01-26,-0.004533093593841369
2021-01-27,-0.03037545573384898
2021-01-28,0.006163837866570322
2021-01-29,-0.014097919996452477
2021-02-01,0.013042883114161458
2021-02-02,0.04358867798022826
2021-02-03,0.005491007396255083
2021-02-04,0.01786062963882132
2021-02-05,-0.0008515844640891857
2021-02-08,0.022404715097352278
2021-02-09,0.0010323095044090672
2021-02-10,0.01263401463929088
2021-02-11,-0.006462436925582763
2021-02-12,0.01314418206062258
2021-02-15,0.0
2021-02-16,0.018244539198441715
2021-02-17,0.002497472970509198
2021-02-18,-0.009122737981418038
2021-02-19,0.018289224332973954
2021-02-22,0.0039529325475248876
2021-02-23,0.007357529099635202
2021-02-24,0.03518075387400534
2021-02-25,-0.008748464754382112
2021-02-26,-0.025586920828828668
2021-03-01,0.03607609923492988
2021-03-02,0.003086942798268518
2021-03-03,0.010490276551663938
2021-03-04,-0.015489011679368095
2021-03-05,-0.0058476725323065
2021-03-08,0.020618647253462085
2021-03-09,-0.010830795487801729
2021-03-10,0.03399038595024642
2021-03-11,0.00023402385634439538
2021-03-12,0.019424299474760078
2021-03-15,-0.007944297685603329
2021-03-16,-0.012620930559691929
2021-03-17,0.009437038713338022
2021-03-18,0.008803188484616564
2021-03-19,-0.010979695376562704
2021-03-22,-0.014249689544982052
2021-03-23,-0.022531361965964152
2021-03-24,-0.009448252245854312
2021-03-25,0.0057643163925702855
2021-03-26,-0.009605853405288585
2021-03-29,-0.005083106727354855
2021-03-30,0.019096168633903402
2021-03-31,-0.015204967674250544
2021-04-01,0.0019553393434276916
2021-04-02,0.0
2021-04-05,-0.012592631370126848
2021-04-06,0.010821087939136624
2021-04-07,-0.0015608556969429913
2021-04-08,0.01395836294009947
2021-04-09,-0.0009971054693828118
2021-04-12,0.0031086491238228194
2021-04-13,-0.012615353093707522
2021-04-14,0.02313721417568698
2021-04-15,0.009497141496199932
2021-04-16,0.011044790925977934
2021-04-19,0.002275959833247369
2021-04-20,-0.03321914494603869
2021-04-21,0.010162827040945644
2021-04-22,-0.013271205145213925
2021-04-23,0.025367056669773288
2021-04-26,0.01221282692740449
2021-04-27,0.009012992649745895
2021-04-28,0.004260480640977111
2021-04-29,0.01386447139595319
2021-04-30,-0.012888228108120198
2021-05-03,0.004895400279430273
2021-05-04,-0.000914267042876054
2021-05-05,0.021994991565994645
2021-05-06,0.023080404690000927
2021-05-07,0.013354471145056779
2021-05-10,-0.0059766145548897625
2021-05-11,-0.02404718131076092
2021-05-12,-0.015455779869747922
2021-05-13,0.01236683707233224
2021-05-14,0.027380221000106196
2021-05-17,0.0013009383548219587
2021-05-18,-0.012782927913490904
2021-05-19,-0.01709719266538354
2021-05-20,0.003898801032342182
2021-05-21,0.01785060088037861
2021-05-24,0.0055271473110377915
2021-05-25,-0.010316461432724904
2021-05-26,0.007896806662656103
2021-05-27,0.010748126135108409
2021-05-28,0.005120045793333069
2021-05-31,0.0
2021-06-01,0.02762425799730732
2021-06-02,0.002611506454004875
2021-06-03,0.013675951797624626
2021-06-04,0.006998619346180001
2021-06-07,-0.008440234886053406
2021-06-08,-0.00895379274399714
2021-06-09,-0.005003420956616707
2021-06-10,-0.023364938363266
2021-06-11,0.01093087890169858
2021-06-14,-0.013662487157008492
2021-06-15,-0.00435347694846712
2021-06-16,-0.000808125252432751
2021-06-17,-0.02594022815709173
2021-06-18,-0.035677298938256025
2021-06-21,0.024662697520985488
2021-06-22,-2.813350659386661e-05
2021-06-23,0.00979717480553958
2021-06-24,0.021102307431404184
2021-06-25,5.4367433061631866e-05
2021-06-28,-0.0001628308848852386
2021-06-29,0.010548840717510187
2021-06-30,0.018374672240588436
2021-07-01,-0.012034543039597773
2021-07-02,-0.002215704777782592
2021-07-05,0.0
2021-07-06,-0.011559135228016222
2021-07-07,-0.005938410557869275
2021-07-08,-0.02403064191603029
2021-07-09,0.0350931531768271
2021-07-12,0.023237391451029384
2021-07-13,-0.011949992559981644
2021-07-14,-0.004211141796644847
2021-07-15,-0.002808516209052031
2021-07-16,-0.02316718326448981
2021-07-19,-0.028020330885620053
2021-07-20,0.0279110706973885
2021-07-21,0.02367818282816326
2021-07-22,-0.002117334970067917
2021-07-23,0.003588785180551178
2021-07-26,0.0049337018961414444
2021-07-27,-0.0028238520724718414
2021-07-28,-0.001628683879166755
2021-07-29,0.008832234413613806
2021-07-30,-0.007096860778827501
2021-08-02,0.008790573321847057
2021-08-03,0.005721536961685664
2021-08-04,-0.006594517770725833
2021-08-05,0.016899982405260923
2021-08-06,0.03475202801427328
2021-08-09,0.00498884660827928
2021-08-10,0.02002913252506451
2021-08-11,0.014406599279990764
2021-08-12,0.002678298407717478
2021-08-13,-0.010220836293920418
2021-08-16,-0.005932820238856492
2021-08-17,-0.00831192199703489
2021-08-18,-0.015352922762120375
2021-08-19,-0.01320087076554927
2021-08-20,0.005826671724007949
2021-08-23,0.013997040558005307
2021-08-24,0.017555781007331867
2021-08-25,0.011099679819811387
2021-08-26,-0.0017200249901123768
2021-08-27,0.01749816136952196
2021-08-30,-0.014617019872188794
2021-08-31,0.004629621549030786
2021-09-01,0.00036271622461958147
2021-09-02,0.002028568120799056
2021-09-03,-0.007725848591540995
2021-09-06,0.0
2021-09-07,-0.002409769414311088
2021-09-08,-0.013050219929794693
2021-09-09,-0.0010376888241821446
2021-09-10,-0.002722514637361185
2021-09-13,0.014223551110881739
2021-09-14,-0.013703200073702536
2021-09-15,-0.004319565196731964
2021-09-16,-0.013197953898762726
2021-09-17,-0.01324634560143579
2021-09-20,-0.03464526006336594
2021-09-21,-0.006074648548040254
2021-09-22,0.025300026068333096
2021-09-23,0.016441155085849975
2021-09-24,-0.0025807503523610645
2021-09-27,0.022665432687739708
2021-09-28,-0.02612556896435179
2021-09-29,-0.011906240094579279
2021-09-30,-0.01798389458562744
2021-10-01,0.005197684913942065
2021-10-04,-0.015514640062436882
2021-10-05,0.030688382965347885
2021-10-06,0.005789072953355663
2021-10-07,0.006601157125401029
2021-10-08,0.0055906700926935445
2021-10-11,-0.01945929249506962
2021-10-12,0.0033427819491126296
2021-10-13,-0.0005693700036749115
2021-10-14,0.012579019585834048
2021-10-15,0.03730635877360501
2021-10-18,0.018591420791147513
2021-10-19,-0.003705440757590247
2021-10-20,-0.010413967341009512
2021-10-21,-0.0007356634662329641
2021-10-22,0.01637666962880638
2021-10-25,0.001037359675482626
2021-10-26,0.006871975745847958
2021-10-27,-0.01597897996477362
2021-10-28,0.009275771077416204
2021-10-29,-0.0035499332634135764
2021-11-01,0.008071883380629075
2021-11-02,0.017013251072238746
2021-11-03,-0.014137762554092798
2021-11-04,-0.023803432888454656
2021-11-05,-0.0024288416239596745
2021-11-08,0.0030904364796236782
2021-11-09,-0.0073492574876736485
2021-11-10,-0.01548877349191419
2021-11-11,0.008035261043165048
2021-11-12,0.006367362537406338
2021-11-15,-0.0002472478239333583
2021-11-16,-0.004257751446550633
2021-11-17,-0.029046652896266425
2021-11-18,-0.0004597549035685555
2021-11-19,-0.010221551371769387
2021-11-22,0.02238621015398726
2021-11-23,0.02537200888538904
2021-11-24,-0.017752594695333662
2021-11-25,0.0
2021-11-26,-0.024855993267284035
2021-11-29,-0.007346122642087098
2021-11-30,-0.01446232595336391
2021-12-01,-0.0066446572918661346
2021-12-02,0.028954004033407754
2021-12-03,-0.012489370023142397
2021-12-06,0.01702044919591118
2021-12-07,0.027389307804934666
2021-12-08,-0.006997379506306141
2021-12-09,-0.002091320582121395
2021-12-10,-0.013789705045059749
2021-12-13,-0.01655311267203514
2021-12-14,0.010808535702646019
2021-12-15,0.002799190211126557
2021-12-16,0.018952056440122052
2021-12-17,-0.03997090505550656
2021-12-20,-0.02705188766140416
2021-12-21,0.023168189192019756
2021-12-22,0.005271074588763746
2021-12-23,0.0070631554197110365
2021-12-24,0.0
2021-12-27,0.007761055542621162
2021-12-28,-0.0011089625294787425
2021-12-29,-0.0036439908238791742
2021-12-30,-0.0017622359958849641
2021-12-31,-0.007733892942293745
2022-01-03,0.03286142971881307
2022-01-04,0.030271137208984892
2022-01-05,-0.021958243477664004
2022-01-06,-0.004273748180715453
2022-01-07,0.0014603850994142347
2022-01-10,0.004167063996722209
2022-01-11,0.009673126009177324
2022-01-12,-0.032119176596086214
2022-01-13,0.0012546223217378492
2022-01-14,-0.025554209212884822
2022-01-17,0.0
2022-01-18,-0.07221542485949033
2022-01-19,-0.020179885264819668
2022-01-20,0.002243431110842549
2022-01-21,-0.012109811650716047
2022-01-24,-0.0015132901491942629
2022-01-25,-0.005372829091882575
2022-01-26,0.0033031115016382115
2022-01-27,-0.004826466301587161
2022-01-28,0.01738296729657472
2022-01-31,0.021862540332015665
2022-02-01,0.02610259092497333
2022-02-02,-0.0027506215382311476
2022-02-03,-0.011579980406979249
2022-02-04,0.02400749707516444
2022-02-07,0.0014949338237609771
2022-02-08,0.005282786877489097
2022-02-09,0.011898688197749648
2022-02-10,-0.010629524479647209
2022-02-11,-0.020474401087537786
2022-02-14,-0.0077975174302132785
2022-02-15,0.010218650985755669
2022-02-16,-0.010746153292613064
2022-02-17,-0.030999195005985403
2022-02-18,-0.00868943749747055
2022-02-21,0.0
2022-02-22,-0.005128096793491262
2022-02-23,-0.00898676390195592
2022-02-24,-0.002935266686412096
2022-02-25,0.02877159073767605
2022-02-28,-0.025543220736143773
2022-03-01,-0.03323240226302187
2022-03-02,0.024618824762727785
2022-03-03,-0.008838785901988467
2022-03-04,-0.011310670505623534
2022-03-07,-0.02388240089050333
2022-03-08,-0.0016166961034398796
2022-03-09,0.037319549764461446
2022-03-10,-0.011123173032618007
2022-03-11,-0.008829564497622733
2022-03-14,-0.0061963458013470805
2022-03-15,0.012780398255767508
2022-03-16,0.03463436548872572
2022-03-17,0.0073387446086798
2022-03-18,0.006128291903554697
2022-03-21,-0.018645302367680375
2022-03-22,0.011759433173389271
2022-03-23,-0.02180984781775093
2022-03-24,0.001845940946344293
2022-03-25,0.0037401550650118234
2022-03-28,-0.006509991995176745
2022-03-29,0.012919590946129116
2022-03-30,-0.012055193935514005
2022-03-31,-0.01649456011447486
2022-04-01,0.00036349205364045724
2022-04-04,-0.006105679266756704
2022-04-05,-0.013033494798986828
2022-04-06,-0.02405549477403183
2022-04-07,-0.006693809030925272
2022-04-08,0.022784837798364075
2022-04-11,-0.001962331168839676
2022-04-12,-0.003059977713516369
2022-04-13,0.006825185467616457
2022-04-14,-0.0010252397153364327
2022-04-15,0.0
2022-04-18,0.02529586846299027
2022-04-19,0.01823335855423623
2022-04-20,0.015095999300783997
2022-04-21,-0.020019674331184928
2022-04-22,-0.04443677247563581
2022-04-25,0.0051469319787364005
2022-04-26,-0.02616233342060447
2022-04-27,0.000351488620697132
2022-04-28,0.01640204939528909
2022-04-29,-0.04142308139247468
2022-05-02,0.016009259698157096
2022-05-03,0.013566361885374982
2022-05-04,0.02959001271327077
2022-05-05,-0.034655909169624736
2022-05-06,-0.0003512351181546012
2022-05-09,-0.013089999478574584
2022-05-10,-0.012477180697863893
2022-05-11,-0.011572538921380339
2022-05-12,-0.007121804110558418
2022-05-13,0.025001260269510637
2022-05-16,-0.011631409704982614
2022-05-17,0.030923519580972794
2022-05-18,-0.020139476269014595
2022-05-19,0.004780910200464597
2022-05-20,-0.004552812950478866
2022-05-23,0.03147481855624889
2022-05-24,-0.00843665907484556
2022-05-25,0.0030211161314082245
2022-05-26,0.02734582208252763
2022-05-27,0.015179327953713776
2022-05-30,0.0
2022-05-31,0.0008262975956062035
2022-06-01,-0.015415620123298219
2022-06-02,0.007429294115515138
2022-06-03,-0.01732727644595894
2022-06-06,0.005725713110002986
2022-06-07,0.0031153745715395377
2022-06-08,-0.021472384327148302
2022-06-09,-0.033805294263371345
2022-06-10,-0.0581990485681249
2022-06-13,-0.012974802295511519
2022-06-14,-0.0027570597742150632
2022-06-15,0.026302226813411836
2022-06-16,-0.017703234114888108
2022-06-17,-0.01837978637574896
2022-06-20,0.0
2022-06-21,0.01778298891080547
2022-06-22,-0.0009484411768159715
2022-06-23,0.0057122891513008605
2022-06-24,0.05632154184204931
2022-06-27,-0.006528641879228186
2022-06-28,-0.00429788242690164
2022-06-29,0.012575238208614059
2022-06-30,-0.02085692500118273
2022-07-01,0.007412975286444728
2022-07-04,0.0
2022-07-05,-0.006807144710171063
2022-07-06,-0.011642146933406143
2022-07-07,0.016341575065621682
2022-07-08,-0.007158710336526098
2022-07-11,-0.011159300851454959
2022-07-12,-0.002219444641842725
2022-07-13,-0.008169337073753263
2022-07-14,-0.02994596245577614
2022-07-15,0.042685269001613
2022-07-18,0.024836435389656093
2022-07-19,0.054234653501515
2022-07-20,0.010633579221505436
2022-07-21,0.015710309245430928
2022-07-22,-0.008024728058089771
2022-07-25,0.0005863921117923859
2022-07-26,-0.017334603817931792
2022-07-27,0.018629499923061735
2022-07-28,0.013983378168038213
2022-07-29,0.012920824055395321
2022-08-01,-0.003937249381818121
2022-08-02,-0.012727926984608394
2022-08-03,0.01600508814703243
2022-08-04,-0.003909699280181533
2022-08-05,0.008401792254114577
2022-08-08,3.0002504909465178e-05
2022-08-09,0.005779602462376522
2022-08-10,0.03298939799077727
2022-08-11,0.010777722195052485
2022-08-12,0.006066824540732236
2022-08-15,0.005720656271441072
2022-08-16,-0.002476044665783458
2022-08-17,-0.003471098517482342
2022-08-18,0.002202593239574962
2022-08-19,-0.014919425223369637
2022-08-22,-0.019807142216863853
2022-08-23,-0.006563179758159617
2022-08-24,0.005160455071932432
2022-08-25,0.013218562121870768
2022-08-26,-0.029552873141494237
2022-08-29,-0.007399425641415286
2022-08-30,-0.0008689864277094511
2022-08-31,0.004639832500640012
2022-09-01,0.0024917816170301997
2022-09-02,-0.006075159730743138
2022-09-05,0.0
2022-09-06,-0.01516819680180658
2022-09-07,0.012388800919666331
2022-09-08,0.0144760093005094
2022-09-09,0.013975572403822585
2022-09-12,0.007265293967893384
2022-09-13,-0.04230307387322604
2022-09-14,-0.003447025921190046
2022-09-15,0.013234748266276164
2022-09-16,-0.01644844379112735
2022-09-19,0.0074826201963978135
2022-09-20,-0.01656698722253673
2022-09-21,-0.007919727174957503
2022-09-22,-0.02458945477357345
2022-09-23,-0.03561997293443594
2022-09-26,-0.024641329477277697
2022-09-27,-0.011058032934563325
2022-09-28,0.0317838683245147
2022-09-29,-0.01568123703169648
2022-09-30,-0.010387708099419262
2022-10-03,0.02060188280740708
2022-10-04,0.05121480246058271
2022-10-05,-0.018818635485970524
2022-10-06,-0.014112141889547422
2022-10-07,-0.011853145503961873
2022-10-10,-0.0017950260399174453
2022-10-11,-0.02128712005696684
2022-10-12,0.003731702589050696
2022-10-13,0.039050090322691966
2022-10-14,-0.023326481279657908
2022-10-17,0.022153505612235818
2022-10-18,0.023012472524543675
2022-10-19,-0.006681564335331258
2022-10-20,-0.0030519740911829165
2022-10-21,0.04495100831418363
2022-10-24,0.011012692166689084
2022-10-25,0.011193699571004561
2022-10-26,0.00984905426222659
2022-10-27,0.0044286822655519266
2022-10-28,0.013667583078599325
2022-10-31,0.007838571495840463
2022-11-01,0.01174477461777074
2022-11-02,0.003465352491650757
2022-11-03,-0.002633714687940512
2022-11-04,0.025582088379588648
2022-11-07,0.012908618191765704
2022-11-08,0.004018640349148554
2022-11-09,-0.0055645736380205415
2022-11-10,0.04406996943783894
2022-11-11,0.017970605998950444
2022-11-14,-0.007322138713308724
2022-11-15,0.0013591293177439073
2022-11-16,-0.0014375869200439185
2022-11-17,-0.006691936308463598
2022-11-18,-0.0015284351429032754
2022-11-21,0.0026599488317804146
2022-11-22,0.009580242964318537
2022-11-23,0.006181130303012514
2022-11-24,0.0
2022-11-25,0.006734419768065997
2022-11-28,-0.016856912813510632
2022-11-29,0.0035244976507198835
2022-11-30,0.012875472220062334
2022-12-01,-0.0060783572276490675
2022-12-02,-0.008451125021400555
2022-12-05,-0.024039882147599025
2022-12-06,-0.02350160113374685
2022-12-07,-0.008273021793414425
2022-12-08,-0.0051253841575961585
2022-12-09,0.002955848639320845
2022-12-12,0.011186127738523092
2022-12-13,0.015057676951716203
2022-12-14,-0.022797132500026292
2022-12-15,-0.029711875731519583
2022-12-16,-0.009997325767707406
2022-12-19,-0.005036490770810826
2022-12-20,-0.000348397402008973
2022-12-21,0.016325140474230334
2022-12-22,-0.013166043548986978
2022-12-23,-0.00020239821277901864
2022-12-26,0.0
2022-12-27,-0.010298697848762325
2022-12-28,-0.0032217395204842693
2022-12-29,0.007481896493037972
2022-12-30,-0.00014531903891709032
2023-01-02,0.0
2023-01-03,0.008236613867566092
2023-01-04,0.004265783929755219
2023-01-05,-0.011396395385831074
2023-01-06,0.012488377344940571
2023-01-09,0.014035791712536458
2023-01-10,0.01227569160173588
2023-01-11,0.019727973278548784
2023-01-12,0.014869214927007482
2023-01-13,0.010914897919512006
2023-01-16,0.0
2023-01-17,-0.06655122913281304
2023-01-18,-0.0023747386089324534
2023-01-19,0.0047437564677741476
2023-01-20,-0.02573072374453833
2023-01-23,0.021130195024211228
2023-01-24,-0.002322628243322232
2023-01-25,0.003725080596255839
2023-01-26,0.015157779605108538
2023-01-27,-0.003583925378812627
2023-01-30,0.010574154550175269
2023-01-31,0.023090592129210656
2023-02-01,-0.00027341949396967826
2023-02-02,0.010228939027543132
2023-02-03,0.0012983019251438588
2023-02-06,0.0022950181809489093
2023-02-07,0.00966176875414491
2023-02-08,0.0018680229431625945
2023-02-09,-0.019136951250791054
2023-02-10,0.008900807646846799
2023-02-13,0.007352676672408065
2023-02-14,-0.006006900062323075
2023-02-15,0.00686197655585904
2023-02-16,-0.011121020260909203
2023-02-17,-0.004602601124835485
2023-02-20,0.0
2023-02-21,-0.020230411238519153
2023-02-22,-0.000637055950675007
2023-02-23,0.0073161946966569
2023-02-24,0.0008524129093910038
2023-02-27,0.004606658805455338
2023-02-28,-0.03871195877495821
2023-03-01,-0.008398515291991086
2023-03-02,0.00825517602058857
2023-03-03,0.0226293700087308
2023-03-06,-0.00011206450122903059
2023-03-07,-0.031205998381450273
2023-03-08,0.00923283839188306
2023-03-09,-0.02082886664808306
2023-03-10,-0.04306686112025519
2023-03-13,-0.037816530655809553
2023-03-14,0.020827085961603386
2023-03-15,-0.031405424622216294
2023-03-16,0.009246458724202267
2023-03-17,-0.03734484434649105
2023-03-20,0.019541696099394403
2023-03-21,0.024729388289434603
2023-03-22,-0.011443126573914877
2023-03-23,0.0037546259134060944
2023-03-24,-0.007267859397028139
2023-03-27,0.018888236687518198
2023-03-28,-0.00028266706767312216
2023-03-29,0.007134363674038537
2023-03-30,0.0013089264079086046
2023-03-31,0.018419241613324318
2023-04-03,-0.0018053940810229701
2023-04-04,-0.01192294350323724
2023-04-05,-0.0034772537137792315
2023-04-06,0.002701959577152346
2023-04-07,0.0
2023-04-10,0.00790917486030729
2023-04-11,0.007389024167159255
2023-04-12,0.008728592496775968
2023-04-13,0.005706800793279405
2023-04-14,0.014319175866571578
2023-04-17,0.008158396742532412
2023-04-18,-0.017132480100176303
2023-04-19,0.008884979906715844
2023-04-20,0.005387914708465044
2023-04-21,0.008671563485882237
2023-04-24,0.006709322041194898
2023-04-25,-0.013110287566463418
2023-04-26,-0.008638488875589177
2023-04-27,0.01486400190412274
2023-04-28,0.005372032343078955
2023-05-01,-0.008391892641674024
2023-05-02,-0.02136751662146124
2023-05-03,-0.01425974684258765
2023-05-04,-0.022742438710981288
2023-05-05,0.017770352872801213
2023-05-08,-0.001560754752812437
2023-05-09,-0.005343449346999283
2023-05-10,-0.006858925848567275
2023-05-11,-0.005689887181920888
2023-05-12,-0.003811014350805206
2023-05-15,0.008011712308708075
2023-05-16,-0.003919937252930901
2023-05-17,0.028788846958473547
2023-05-18,-0.0018187198706824913
2023-05-19,-0.01046180907550006
2023-05-22,-0.003778309928111716
2023-05-23,-0.004163469387473396
2023-05-24,-0.011688338279793115
2023-05-25,0.012646016870153034
2023-05-26,0.024791646652129504
2023-05-29,0.0
2023-05-30,-0.0035603214034121795
2023-05-31,-0.013584137303533519
2023-06-01,-0.0234277812899502
2023-06-02,0.022655350643776516
2023-06-05,-0.005701277758209365
2023-06-06,0.015387124371294678
2023-06-07,0.027018499316362132
2023-06-08,-0.0008343530733810144
2023-06-09,0.0016380020042383698
2023-06-12,0.010273850850132188
2023-06-13,0.00882734935105357
2023-06-14,-0.01198385543147703
2023-06-15,0.0038927169933150644
2023-06-16,-0.004218012851409296
2023-06-19,0.0
2023-06-20,-0.022690428248908844
2023-06-21,-0.017231681623449745
2023-06-22,-0.017032954622294764
2023-06-23,-0.015356060211492118
2023-06-26,-0.007495139524940655
2023-06-27,0.0034836396146422947
2023-06-28,0.000669597446405475
2023-06-29,0.02962141769901135
2023-06-30,-0.0017039145721372665
2023-07-03,0.012539708785183906
2023-07-04,0.0
2023-07-05,-0.02028964287492753
2023-07-06,-0.02227382857446538
2023-07-07,0.00690901855276091
2023-07-10,0.00411607596251811
2023-07-11,0.01383882668445007
2023-07-12,0.017056209798612363
2023-07-13,0.006961253096454221
2023-07-14,-0.0076047065965825725
2023-07-17,0.003091771854468801
2023-07-18,0.030311933904122068
2023-07-19,0.009678054402369619
2023-07-20,0.02982567715375243
2023-07-21,0.0031300624265098048
2023-07-24,0.019609896478917282
2023-07-25,-0.011854980772347132
2023-07-26,0.008030780539886768
2023-07-27,-0.00856645274790219
2023-07-28,-0.003617334100535549
2023-07-31,0.007446128754853276
2023-08-01,0.005185115170849108
2023-08-02,-0.018679387432484828
2023-08-03,0.005849963683064649
2023-08-04,0.00016981786055665366
2023-08-07,0.00660280486473146
2023-08-08,-0.02074448013781294
2023-08-09,-0.016123160637465182
2023-08-10,-0.006704754200601755
2023-08-11,0.0009689106771905191
2023-08-14,-0.008814180584549953
2023-08-15,-0.016508939193693027
2023-08-16,-0.009375248127332406
2023-08-17,-0.004842736508800905
2023-08-18,-0.007939610143881108
2023-08-21,-0.008871825119832023
2023-08-22,-0.010205113221972935
2023-08-23,0.01104301070324477
2023-08-24,-0.007379921462086593
2023-08-25,0.0005938051416540129
2023-08-28,0.018015689651155783
2023-08-29,0.019984761919942192
2023-08-30,-0.003706063947843455
2023-08-31,-0.002651037139062377
2023-09-01,-0.0009466276233006486
2023-09-04,0.0
2023-09-05,-0.011210829996390451
2023-09-06,-0.008125686801748615
2023-09-07,0.002581251408280068
2023-09-08,0.010996560445903426
2023-09-11,-0.0026761910171166684
2023-09-12,0.019068511945217487
2023-09-13,0.012254817861949598
2023-09-14,0.028226362967627334
2023-09-15,-0.005908779817739612
2023-09-18,0.002274573421351648
2023-09-19,-0.004174106367509964
2023-09-20,-0.015296523748106871
2023-09-21,-0.01937274917441491
2023-09-22,-0.007141454687407124
2023-09-25,0.00289299747434637
2023-09-26,-0.015383385754353775
2023-09-27,-0.005791694558512575
2023-09-28,0.010044170935294425
2023-09-29,-0.005024927718335231
2023-10-02,-0.015792780119705807
2023-10-03,-0.039645540064893924
2023-10-04,0.008068746164254468
2023-10-05,0.006137903603441539
2023-10-06,0.0063567227873980205
2023-10-09,0.0004157426270241202
2023-10-10,0.006885873350920115
2023-10-11,-0.005575265539903967
2023-10-12,-0.010178507604980467
2023-10-13,-0.0017764635583258012
2023-10-16,0.016322350088804144
2023-10-17,-0.016128482690243293
2023-10-18,-0.024211260784440847
2023-10-19,-0.00921553007246993
2023-10-20,0.0028701582294423994
2023-10-23,-0.002769781556397825
2023-10-24,-0.00013401867719528703
2023-10-25,-0.008121650583481934
2023-10-26,0.0007747560299887977
2023-10-27,-0.024127981631539536
2023-10-30,0.03697471823962575
2023-10-31,0.009198782267299527
2023-11-01,0.01162476980090326
2023-11-02,0.02125968436444271
2023-11-03,0.0432258903995933
2023-11-06,-0.011388383095125543
2023-11-07,0.00012328603608806354
2023-11-08,0.0018812823417896376
2023-11-09,-0.011714976546377907
2023-11-10,0.014637712867379237
2023-11-13,0.004291627385947087
2023-11-14,0.03548899914579229
2023-11-15,-0.003312030218214298
2023-11-16,-0.002758608624034542
2023-11-17,0.00745719221921012
2023-11-20,0.0007662573127740316
2023-11-21,-0.013285821360443142
2023-11-22,0.010896793677075578
2023-11-23,0.0
2023-11-24,0.0015050239676817879
2023-11-27,-0.004255052859762564
2023-11-28,-0.00017759122786392733
2023-11-29,0.015877907267941437
2023-11-30,0.0037547951420676073
2023-12-01,0.01997252020305121
2023-12-04,0.002751422118461054
2023-12-05,-0.022109358762637695
2023-12-06,0.0006436822500716453
2023-12-07,0.007719422322414175
2023-12-08,0.01785924487431314
2023-12-11,0.0026474870218919644
2023-12-12,0.002413384259803819
2023-12-13,0.028296151135382502
2023-12-14,0.05560267595922268
2023-12-15,-0.007748902545099297
2023-12-18,-0.010860022215210824
2023-12-19,0.015945307266532836
2023-12-20,-0.012974372905198147
2023-12-21,0.008046578384353882
2023-12-22,0.000210428212032979
2023-12-25,0.0
2023-12-26,0.002518652727464129
2023-12-27,0.007492656141061787
2023-12-28,0.005007156485116844
2023-12-29,-0.001657530417845408
2024-01-01,0.0
2024-01-02,0.006536822361686724
2024-01-03,-0.01690747824186331
2024-01-04,0.0030338401208606946
2024-01-05,0.009072100547644032
2024-01-08,0.006242665829278428
2024-01-09,-0.0132540594093008
2024-01-10,-0.004649363841085271
2024-01-11,-0.0058027288738634695
2024-01-12,-0.005280515179626457
2024-01-15,0.0
2024-01-16,0.007122178376642844
2024-01-17,-0.008632446729038104
2024-01-18,-0.0007159173442634753
2024-01-19,0.013937695579339732
2024-01-22,0.009789614677141298
2024-01-23,-0.013538333235072881
2024-01-24,-0.003604508525134143
2024-01-25,0.008660497218461554
2024-01-26,-0.012912988052805415
2024-01-29,0.0073054135999240395
2024-01-30,0.01644486328642174
2024-01-31,-0.007420113661155484
2024-02-01,-0.00041654602588624384
2024-02-02,0.010392338256664784
2024-02-05,-0.012557126407202567
2024-02-06,0.005130091474592495
2024-02-07,0.00432855346092232
2024-02-08,-0.004198571911595082
2024-02-09,-0.002027845233294307
2024-02-12,0.021573589571314247
2024-02-13,-0.036016780336923106
2024-02-14,-0.001876429915195581
2024-02-15,0.01933373785548024
2024-02-16,-0.00254582643524549
2024-02-19,0.0
2024-02-20,0.00020797509600417428
2024-02-21,0.009705125439462932
2024-02-22,0.005650273650992031
2024-02-23,0.0014841847331127332
2024-02-26,-0.002124723322216562
2024-02-27,0.0015109274608671676
2024-02-28,0.01310750136032314
2024-02-29,-0.010559719636397189
2024-03-01,-0.002444783359036903
2024-03-04,0.010636302593789237
2024-03-05,-0.0034218127640285186
2024-03-06,-0.003433972198690871
2024-03-07,-0.002930403582072083
2024-03-08,-0.0037142879814323513
2024-03-11,-0.0021470677986453143
2024-03-12,0.005217371395277345
2024-03-13,0.010583179369896311
2024-03-14,-0.009476062659124677
2024-03-15,-0.003609082083289411
2024-03-18,-0.007361630712745865
2024-03-19,0.011099400312725646
2024-03-20,0.01989546065866785
2024-03-21,0.042564890585439684
2024-03-22,-0.01679446052846413
2024-03-25,-0.00463194018594233
2024-03-26,0.003057461714837643
2024-03-27,0.022084427695425977
2024-03-28,0.005858769256739538
2024-03-29,0.0
2024-04-01,-0.010057771234084911
2024-04-02,-0.008158782962910305
2024-04-03,0.009342952330677237
2024-04-04,-0.01889719806784175
2024-04-05,0.004470041463118144
2024-04-08,0.006034689685768368
2024-04-09,0.00041390382564144456
2024-04-10,-0.024524594335759375
2024-04-11,-0.008218221196474577
2024-04-12,-0.020306356981511866
2024-04-15,0.02882399123728923
2024-04-16,-0.010078698110429924
2024-04-17,0.01760858740409522
2024-04-18,-0.001982622396861731
2024-04-19,0.0022054592309944405
2024-04-22,0.032510253169974364
2024-04-23,0.01580824793599641
2024-04-24,-0.002266618972488522
2024-04-25,-0.007093146679116894
2024-04-26,0.017744496560693504
2024-04-29,0.007549070282990454
2024-04-30,-0.009562605122992418
2024-05-01,0.0005622602184211425
2024-05-02,0.013077344771780354
2024-05-03,0.012885545408732487
2024-05-06,0.012451303355244714
2024-05-07,0.0002928677851887473
2024-05-08,0.0070727625069633175
2024-05-09,0.01908072606974603
2024-05-10,-0.0018236004431199143
2024-05-13,-0.0025762377919548883
2024-05-14,0.01076732845831775
2024-05-15,0.01648387793867894
2024-05-16,-0.003374178547744526
2024-05-17,0.006865209321839937
2024-05-20,-0.010272293400267628
2024-05-21,0.016007243275991692
2024-05-22,-0.017217743882874587
2024-05-23,-0.009190394612777753
2024-05-24,0.0065917279932551885
2024-05-27,0.0
2024-05-28,-0.002975067869167821
2024-05-29,-0.005757935750473164
2024-05-30,-0.009263283722209128
2024-05-31,0.013873910786724444
2024-06-03,-0.003379074419434908
2024-06-04,0.0007029642599684848
2024-06-05,0.013915535504983758
2024-06-06,-0.00778437203094621
2024-06-07,-0.006988041297556727
2024-06-10,-0.002994110376641778
2024-06-11,-0.020673015439816787
2024-06-12,0.009922083252878803
2024-06-13,-0.005251157778322776
2024-06-14,0.0002464301550133033
2024-06-17,0.008297580173065878
2024-06-18,0.015976401499129655
2024-06-19,0.0
2024-06-20,0.0013546130255633773
2024-06-21,-0.017331014524692948
2024-06-24,0.026112394511185896
2024-06-25,-0.010245230812362952
2024-06-26,-0.0033287824602105734
2024-06-27,-0.021956458553753395
2024-06-28,0.014160644796651238
2024-07-01,0.02476150482967914
2024-07-02,0.004196929431450164
2024-07-03,0.004948970962856242
2024-07-04,0.0
2024-07-05,-0.0067976603763360635
2024-07-08,0.0001504498899048892
2024-07-09,0.017085804545684053
2024-07-10,0.012734984746177009
2024-07-11,0.0007097303717395944
2024-07-12,0.001355361099247138
2024-07-15,0.025410087534306302
2024-07-16,0.021683715295642943
2024-07-17,-0.0016712074442836345
2024-07-18,-0.03231803588660609
2024-07-19,-0.0026361015386088295
2024-07-22,0.004341727384073968
2024-07-23,0.01043735790183683
2024-07-24,-0.011135572742794971
2024-07-25,0.010241074261964038
2024-07-26,0.014777115714181732
2024-07-29,-0.012725105593139276
2024-07-30,0.02594317343027219
2024-07-31,0.006622642410531274
2024-08-01,-0.017658789818345767
2024-08-02,-0.06075449614951517
2024-08-05,-0.024999752308651924
2024-08-06,0.0241068040134252
2024-08-07,0.005915964488947158
2024-08-08,0.02661859245217224
2024-08-09,0.009200608512862281
2024-08-12,-0.009756477498524239
2024-08-13,0.01317735778872202
2024-08-14,0.013647994330097087
2024-08-15,0.0006414203088590071
2024-08-16,0.010445897298229702
2024-08-19,0.0008325690590474118
2024-08-20,-0.014650666024611538
2024-08-21,-0.0017710397582475009
2024-08-22,0.00259507347941895
2024-08-23,0.02317487420499182
2024-08-26,-0.003047299007921152
2024-08-27,-0.0012017863479994633
2024-08-28,-0.007777768934920615
2024-08-29,0.013360828974415661
2024-08-30,0.0061925256634491254
2024-09-02,0.0
2024-09-03,-0.04569261884914492
2024-09-04,0.006502472152246705
2024-09-05,-0.005641167896016582
2024-09-06,-0.017096171990900067
2024-09-09,0.01850946632266443
2024-09-10,-0.04487516708842509
2024-09-11,0.008611358354387826
2024-09-12,0.006114900480815184
2024-09-13,0.010345855399029585
2024-09-16,0.012799043976672156
2024-09-17,0.00047396184833536903
2024-09-18,-0.0016702506613183357
2024-09-19,0.038956452006047367
2024-09-20,-0.01077569441839901
2024-09-23,-0.0020486161463899193
2024-09-24,0.0012255364858381262
2024-09-25,-0.013910934705217055
2024-09-26,0.011699829597256512
2024-09-27,0.0031946247814547
2024-09-30,-0.0068437690010529325
2024-10-01,-0.010027561339379801
2024-10-02,0.0037060194401905013
2024-10-03,-0.012043884043859795
2024-10-04,0.018466448159694566
2024-10-07,-0.001091235418773703
2024-10-08,0.0039347482968455265
2024-10-09,0.017190366105416587
2024-10-10,-0.0028942773485105353
2024-10-11,0.024667405805901724
2024-10-14,0.012415477342033226
2024-10-15,-0.0007080699404519071
2024-10-16,0.014217417533722328
2024-10-17,-0.0016243344285193238
2024-10-18,-0.0009456393193737807
2024-10-21,-0.02045367547978913
2024-10-22,0.0009650489235570923
2024-10-23,-0.0021244360705870596
2024-10-24,0.014015642349400104
2024-10-25,-0.022949608041812612
2024-10-28,0.02119400225285375
2024-10-29,0.0013360384974950028
2024-10-30,0.00022905747529425018
2024-10-31,-0.012685029016425143
2024-11-01,0.0030081401074685777
2024-11-04,-0.015289043929853485
2024-11-05,0.029835657669429368
2024-11-06,0.12308249966100858
2024-11-07,-0.02344466404758281
2024-11-08,0.012105157306714884
2024-11-11,0.021954437927176107
2024-11-12,-0.01631921275194371
2024-11-13,0.002746672396331451
2024-11-14,-0.009485749990850749
2024-11-15,0.008340862319683538
2024-11-18,-0.009394558768183145
2024-11-19,-0.011305436028146605
2024-11-20,0.0009455688075578056
2024-11-21,0.024075017395041743
2024-11-22,0.011127215253178788
2024-11-25,0.00041466458307347354
2024-11-26,0.004087641636113322
2024-11-27,-0.00011575294826759189
2024-11-28,0.0
2024-11-29,0.005172921834987883
2024-12-02,-0.006394415148670407
2024-12-03,0.0006148498708943398
2024-12-04,-0.0056131595853876285
2024-12-05,-0.0031953802676398897
2024-12-06,0.004814207414096761
2024-12-09,-0.009314954785469742
2024-12-10,-0.015418107048112655
2024-12-11,0.01278896351816079
2024-12-12,-0.001604386161020611
2024-12-13,-0.010415786962817841
2024-12-16,0.0014508707714538003
2024-12-17,-0.02006947545358425
2024-12-18,-0.04344050879246521
2024-12-19,0.006773785154822899
2024-12-20,0.021624175795828142
2024-12-23,0.008233194277747484
2024-12-24,0.02082305024783381
2024-12-25,0.0
2024-12-26,-0.0026805410818425356
2024-12-27,-0.008726327680618526
2024-12-30,-0.004575024917584811
2024-12-31,-0.001622793505855774
2025-01-01,0.0
2025-01-02,0.004095532208581301
2025-01-03,0.008934433656696852
2025-01-06,0.005603796725473008
2025-01-07,-0.0056210320279473005
2025-01-08,-0.00017226094703181073
2025-01-09,0.0
2025-01-10,-0.03512595213395183
2025-01-13,0.005254094550982525
2025-01-14,0.015125973901476764
2025-01-15,0.05843121160393338
2025-01-16,0.011600513409355204
2025-01-17,0.02090587686225197
2025-01-20,0.0
2025-01-21,0.013960930294253986
2025-01-22,-0.0031716379610250106
2025-01-23,0.010642756979097872
2025-01-24,-0.004073701063005276
2025-01-27,-0.005700104711878202
2025-01-28,0.007111909791713404
2025-01-29,-0.000658640378264905
2025-01-30,0.012968964103791291
2025-01-31,-0.008241867224454707
2025-02-03,-0.012618463959211462
2025-02-04,0.0028581657529746954
2025-02-05,0.017614966787546416
2025-02-06,0.01959149145879034
2025-02-07,-0.0035309743122871615
2025-02-10,-0.00822095287566576
2025-02-11,-0.005070231056523024
2025-02-12,0.002715661402585287
2025-02-13,-7.703401414058823e-05
2025-02-14,0.0177170277826973
2025-02-17,0.0
2025-02-18,0.01746818552599402
2025-02-19,-0.006028264799953624
2025-02-20,-0.03951955385330693
2025-02-21,-0.02628199039858863
2025-02-24,0.0008627813975294699
2025-02-25,-0.018098027044573455
2025-02-26,0.004640382870682548
2025-02-27,-0.015941411687748566
2025-02-28,0.028177861232543202
2025-03-03,-0.027748105146627792
2025-03-04,-0.04066647836281763
2025-03-05,0.02032056345218564
2025-03-06,-0.04377215623231222
2025-03-07,-0.01419291328962912
2025-03-10,-0.051343060846960324
2025-03-11,-0.00043262588395550375
2025-03-12,0.008021271110347472
2025-03-13,-0.020556532663222247
2025-03-14,0.031140426051594363
2025-03-17,0.01817498776717065
2025-03-18,0.0007977766145000304
2025-03-19,0.01002598993918313
2025-03-20,0.009535537606321389
2025-03-21,0.004362589641330784
2025-03-24,0.02612677127980579
2025-03-25,0.01001687034333735
2025-03-26,-0.02072716713502556
2025-03-27,-0.026483721453387822
2025-03-28,-0.02867602633041699
2025-03-31,0.005819580528712865
2025-04-01,0.003946144699631824
2025-04-02,0.026360993046670098
2025-04-03,-0.09663746987549633
2025-04-04,-0.08236500112259544
2025-04-07,-0.011320974737681788
2025-04-08,-0.007092597846913683
2025-04-09,0.11175037730640992
2025-04-10,-0.05379424647581081
2025-04-11,0.009428666527272532
2025-04-14,0.019110833289714906
2025-04-15,0.007728262672758427
2025-04-16,-0.01755868321484145
2025-04-17,0.02070400146393357
2025-04-18,0.0
2025-04-21,-0.016085846641475155
2025-04-22,0.03648528300630316
2025-04-23,0.017764546562250953
2025-04-24,0.02989015258081913
2025-04-25,-0.0009354303003998296
2025-04-28,0.0028224514895358343
2025-04-29,0.004601266217220521
2025-04-30,-0.0024989284076159714
2025-05-01,0.011404013567123408
2025-05-02,0.021913044429253105
2025-05-05,-0.01161998638429366
2025-05-06,-0.01839685079277475
2025-05-07,0.004649207588717751
2025-05-08,0.024660836539370578
2025-05-09,0.0024715931967353366
2025-05-12,0.041855687528656996
2025-05-13,0.020868381034525808
2025-05-14,0.01281897288501065
2025-05-15,0.007005991988849927
2025-05-16,0.00506916178150047
2025-05-19,-0.010931445459474606
2025-05-20,-0.009484617768812842
2025-05-21,-0.021767860849383522
2025-05-22,0.00800542595313604
2025-05-23,0.0005180486309821057
2025-05-26,0.0
2025-05-27,0.02831520793940138
2025-05-28,-0.011910177944993713
2025-05-29,-0.00590137188653429
2025-05-30,-0.0023454268243370264
2025-06-02,-0.002885331769169714
2025-06-03,0.00849864557565543
2025-06-04,-0.007680436528285346
2025-06-05,0.011069742146289793
2025-06-06,0.01331300129168158
2025-06-09,-0.000782152834792373
2025-06-10,0.0021980069461162485
2025-06-11,0.015011962666026227
2025-06-12,0.0015048622280866178
2025-06-13,-0.018682153809656182
2025-06-16,0.023055675973512352
2025-06-17,-0.005125620361869226
2025-06-18,0.0168272666691284
2025-06-19,0.0
2025-06-20,0.008714570882918023
2025-06-23,0.00944341073913846
2025-06-24,0.02327087067919656
2025-06-25,0.011651963167727656
2025-06-26,0.02548346909930562
2025-06-27,0.0052976140006121
2025-06-30,0.02422609677567196
2025-07-01,-0.0018241389755013042
2025-07-02,0.013259825734892967
2025-07-03,0.010822801547076608
2025-07-04,0.0
2025-07-07,-0.017775439187078655
2025-07-08,-0.019386795951860554
2025-07-09,-0.0010331443311262438
2025-07-10,0.017870807125813994
2025-07-11,-0.0058977914722226415
2025-07-14,0.01177514389709601
2025-07-15,-0.015242467268133691
2025-07-16,0.00894198392640865
2025-07-17,-0.004212957261781063
2025-07-18,0.0034225983683687945
2025-07-21,-0.00319600645225006
2025-07-22,-0.00794942576735789
2025-07-23,0.02413499736976391
2025-07-24,0.002310874384817543
2025-07-25,0.013534557651295515
2025-07-28,-0.007338406105384616
2025-07-29,0.011445294823358246
2025-07-30,-0.0016818172489906445
2025-07-31,-0.009846424881535991
2025-08-01,-0.019565793098473096
2025-08-04,0.02293227453350234
2025-08-05,-0.007077142721584045
2025-08-06,0.0052987153293594285
2025-08-07,-0.006922895514487113
2025-08-08,0.002123437526472892
2025-08-11,-0.0028184309495869315
2025-08-12,0.03301241979508891
2025-08-13,0.0017605443873284843
2025-08-14,0.003364834923563592
2025-08-15,-0.02230260916652615
2025-08-18,0.00032842629533823953
2025-08-19,-0.013192660158942554
2025-08-20,-0.0009708781803710021
2025-08-21,-0.006584699764539021
2025-08-22,0.035590540068825505
2025-08-25,-0.004187259820992659
2025-08-26,0.013658462287420108
2025-08-27,0.0009609093314142413
2025-08-28,0.002065353342753416
2025-08-29,-0.0026398435276062974
2025-09-01,0.0
2025-09-02,-0.019511579146145184
2025-09-03,-0.00039674708597509627
2025-09-04,0.024794112601083745
2025-09-05,-0.014377222166419491
2025-09-08,0.004918741300389088
2025-09-09,0.02931601466972322
2025-09-10,0.007381830069828516
2025-09-11,0.019494879700751266
2025-09-12,-0.005968875411089118
2025-09-15,0.008552354641685186
2025-09-16,-0.00156456582529005
2025-09-17,0.011001889063363279
2025-09-18,0.012624199903853555
2025-09-19,0.0008574951240243121
2025-09-22,0.0006954001584283455
2025-09-23,0.0009430394029743387
2025-09-24,-0.017376498346418946
2025-09-25,0.002936029534926362
2025-09-26,0.009704160027280669
2025-09-29,0.002004031552857394
2025-09-30,-0.009709679366999511
2025-10-01,-0.013705454310472348
2025-10-02,-0.007834530797363473
2025-10-03,0.013508845746696174
2025-10-06,0.008571107575613522
2025-10-07,-0.008988817199166747
2025-10-08,-0.016780352758364824
2025-10-09,0.004433115911333615
2025-10-10,-0.02020375578087706
2025-10-13,0.028909844740124063
2025-10-14,-0.02057165850901726
2025-10-15,-0.003678533406090714
2025-10-16,-0.012896374837236118
2025-10-17,-0.009702798989593893
2025-10-20,0.01657794111904388
2025-10-21,-0.005701871114046685
2025-10-22,-0.01912834445987617
2025-10-23,0.008265638020668053
2025-10-24,0.04314315102018714
2025-10-27,0.007764330552275938
2025-10-28,0.002654891403006106
2025-10-29,-0.011465747948834329
2025-10-30,0.00902610963443582
2025-10-31,-0.0010002297323540275
2025-11-03,-0.004889266481907951
2025-11-04,0.0067371239631721655
2025-11-05,0.002853723152529658
2025-11-06,-0.006971823496094635
2025-11-07,-0.0015757733218865631
2025-11-10,0.013716414693818214
2025-11-11,0.016311241853759918
2025-11-12,0.03475802785605413
2025-11-13,-0.04071168052667913
2025-11-14,-0.018279111512227997
2025-11-17,-0.01959872903917478
2025-11-18,0.0009536518610267099
2025-11-19,0.012405011842667475
2025-11-20,-0.01575982737405018
2025-11-21,0.0004263990021181035
2025-11-24,0.021320692847984615
2025-11-25,0.014576193914931921
2025-11-26,0.016919091202593207
2025-11-27,0.0
2025-11-28,0.012216585060899803
2025-12-01,-0.01854775727277262
2025-12-02,0.010295574034914663
2025-12-03,0.025864408093347085
2025-12-04,0.0015051158330587186
2025-12-05,0.019771435066933796
2025-12-08,0.01409464029377583
2025-12-09,0.011346671794802912
2025-12-10,0.014339180183690804
2025-12-11,0.024208657514318173
2025-12-12,-0.025649112572601523
2025-12-15,0.0018340172179829592
2025-12-16,-0.011805228770017271
2025-12-17,-0.0077876557569191325
2025-12-18,0.0045406313474135665
2025-12-19,0.019415389117283247
2025-12-22,0.006159121962612441
2025-12-23,0.003010036221096071
2025-12-24,0.01000832712385013
2025-12-25,0.0
2025-12-26,-0.004114899127965987
2025-12-29,-0.016518580644306773
2025-12-30,-0.00873589277497601
2025-12-31,-0.00614711089497295
2026-01-01,0.0
2026-01-02,0.039417662692848125
2026-01-05,0.03661597615458737
2026-01-06,0.007384850129017298
2026-01-07,-0.015238972947496635
2026-01-08,-0.006599741592505774
2026-01-09,0.004429494732818296
2026-01-12,0.011193986012638968
2026-01-13,-0.012078237888127844
2026-01-14,-0.005858450812726507
2026-01-15,0.04526764779607541
2026-01-16,-0.014304668365913046
2026-01-19,0.0
2026-01-20,-0.019555838016471018
2026-01-21,0.01016685793865434
2026-01-22,0.0017193966630159574
2026-01-23,-0.03818934194210659
2026-01-26,0.014027070209352795
2026-01-27,-0.0022991123904705603
2026-01-28,0.0075969956278408145
2026-01-29,0.003527078078238356
2026-01-30,-0.0050226029582988
2026-02-02,0.011606429193491556
2026-02-03,-0.007786576879114856
2026-02-04,-0.027740400776028833
2026-02-05,-0.025382352720067225
2026-02-06,0.04215755501234893
2026-02-09,0.015883998219437312
2026-02-10,0.005674689241327792
2026-02-11,-0.004647255296243406
2026-02-12,-0.04331348412763322
2026-02-13,0.000652129836514436
2026-02-16,0.0
2026-02-17,0.011970325152214566
2026-02-18,0.01912731636910643
2026-02-19,-0.018461580748213063
2026-02-20,0.006079751791963703
2026-02-23,-0.03299192246593976
2026-02-24,0.01110026932227275
2026-02-25,0.02095870409580503
2026-02-26,0.008236222747561757
2026-02-27,-0.07767649931299285
2026-03-02,0.007723896371920253
2026-03-03,0.0010207403866609008
2026-03-04,0.005399348422795775
2026-03-05,-0.03734481724831591
2026-03-06,-0.016947920173205774
2026-03-09,0.012833986132067881
2026-03-10,0.0021370199126889288
2026-03-11,-0.01212635562057759
2026-03-12,-0.0449903932135971
2026-03-13,-0.006765574978491116
2026-03-16,0.015929510787319138
2026-03-17,0.01532042470083552
2026-03-18,-0.0019347926521947403
2026-03-19,0.004978424311882712
2026-03-20,0.00496604538978955
2026-03-23,0.02157178660518068
2026-03-24,0.0053389852956762275
2026-03-25,0.007296408560254455
2026-03-26,-0.023071327338184202
2026-03-27,-0.024300949800261273
2026-03-30,0.005849089374649324
2026-03-31,0.0464406633716721
2026-04-01,0.016669064118692893
2026-04-02,0.0032844752281024586
2026-04-03,0.0
2026-04-06,0.0034815718356993814
2026-04-07,-0.0021962073244564265
2026-04-08,0.04701691193888392
2026-04-09,-0.002243780237073227
2026-04-10,0.004504552364989946
2026-04-13,-0.018915381769653516
2026-04-14,0.020929204361552857
2026-04-15,-0.01121000179626973
2026-04-16,0.0005668153195429985
2026-04-17,0.028425525449805866
2026-04-20,0.01690897664146978
2026-04-21,-0.016261220928149255
2026-04-22,0.008907421023668049
2026-04-23,-0.0037940065247324866
2026-04-24,-0.004724975604941653
2026-04-27,0.011690897121042588
2026-04-28,-0.012079336015036558
2026-04-29,-0.022870324161517627
2026-04-30,0.019865480339947898
2026-05-01,-6.497148606847427e-05
2026-05-04,-0.022376689718534282
2026-05-05,0.017144897961455876
2026-05-06,0.019890290158263355
2026-05-07,-0.012322842360311975
2026-05-08,0.011394297848683368
2026-05-11,0.008908572016323526
2026-05-12,0.0011001780355367585
2026-05-13,0.01001409646779451
2026-05-14,0.01407236321458707
2026-05-15,-0.021373227506343313
2026-05-18,-0.002227078018665547
2026-05-19,-0.01879425908962181
2026-05-20,0.0558847108708782
2026-05-21,0.006141230952112635
2026-05-22,0.008625132826148105
2026-05-25,0.0
2026-05-26,-0.002219665300474597
2026-05-27,0.0019587874027375976
2026-05-28,0.011871466018546595
2026-05-29,0.016903689001772408
2026-06-01,0.026595465258400754
2026-06-02,0.015143487886656738
2026-06-03,-0.022379293396127244
2026-06-04,0.04582065994587467
