Date,Rolling_Vol_90d
2018-06-05,
2018-06-06,
2018-06-07,
2018-06-08,
2018-06-11,
2018-06-12,
2018-06-13,
2018-06-14,
2018-06-15,
2018-06-18,
2018-06-19,
2018-06-20,
2018-06-21,
2018-06-22,
2018-06-25,
2018-06-26,
2018-06-27,
2018-06-28,
2018-06-29,
2018-07-02,
2018-07-03,
2018-07-04,
2018-07-05,
2018-07-06,
2018-07-09,
2018-07-10,
2018-07-11,
2018-07-12,
2018-07-13,
2018-07-16,0.0072550928646018635
2018-07-17,0.008414761908089043
2018-07-18,0.008344478301417019
2018-07-19,0.008386194572850654
2018-07-20,0.008689844918939324
2018-07-23,0.008582765557115776
2018-07-24,0.008465438555030977
2018-07-25,0.009210120406091442
2018-07-26,0.009775533778983178
2018-07-27,0.00965084934643128
2018-07-30,0.00952643501851541
2018-07-31,0.00952993634606418
2018-08-01,0.009483750496460172
2018-08-02,0.0093906587217793
2018-08-03,0.009532820722413798
2018-08-06,0.009457055834875114
2018-08-07,0.009535620022506954
2018-08-08,0.009431869346030092
2018-08-09,0.009359019302476776
2018-08-10,0.009423271611141532
2018-08-13,0.009330079664306904
2018-08-14,0.009268424133486821
2018-08-15,0.009238609850078919
2018-08-16,0.009473528898677606
2018-08-17,0.010066798692307238
2018-08-20,0.009989771070725522
2018-08-21,0.010705084662098541
2018-08-22,0.01067598590434558
2018-08-23,0.010656017175388792
2018-08-24,0.011024083405764353
2018-08-27,0.010933470636054682
2018-08-28,0.01115989447070002
2018-08-29,0.011071964398339061
2018-08-30,0.01100238348544203
2018-08-31,0.010927384116879784
2018-09-03,0.010841756364456652
2018-09-04,0.010906493398616388
2018-09-05,0.01097816253559039
2018-09-06,0.010896938816164088
2018-09-07,0.011032242515422223
2018-09-10,0.010994679371311437
2018-09-11,0.010919654540826502
2018-09-12,0.010842623740280943
2018-09-13,0.010953025260591772
2018-09-14,0.010878984038797189
2018-09-17,0.010814654259647057
2018-09-18,0.010833312861563683
2018-09-19,0.010848970607793157
2018-09-20,0.01103808154055783
2018-09-21,0.01096844587352174
2018-09-24,0.011081141341118466
2018-09-25,0.011011949074110947
2018-09-26,0.010964445038217313
2018-09-27,0.010924194401929658
2018-09-28,0.01106681292488444
2018-10-01,0.01104014961025438
2018-10-02,0.011058993701532328
2018-10-03,0.011013862145166944
2018-10-04,0.010981337493587519
2018-10-05,0.010929066548881932
2018-10-08,0.010976178977189282
2018-10-09,0.011052048011786265
2018-10-10,0.011312534340746139
2018-10-11,0.012166031330886066
2018-10-12,0.012174866774127399
2018-10-15,0.012189041867605738
2018-10-16,0.012262235349740634
2018-10-17,0.012305649821824957
2018-10-18,0.01230680016474685
2018-10-19,0.012314088433848121
2018-10-22,0.012320810177911845
2018-10-23,0.01233959401810305
2018-10-24,0.012461543132352447
2018-10-25,0.01249526078229914
2018-10-26,0.012711405940757108
2018-10-29,0.012784923464527344
2018-10-30,0.012792003999118182
2018-10-31,0.01291709987153758
2018-11-01,0.01286932607701799
2018-11-02,0.012856306944473731
2018-11-05,0.012768665013470721
2018-11-06,0.012810719858007193
2018-11-07,0.012940852814991475
2018-11-08,0.012857332731785423
2018-11-09,0.012871149082789812
2018-11-12,0.012855794057446815
2018-11-13,0.012861112315472848
2018-11-14,0.012839984935769256
2018-11-15,0.01290594057568767
2018-11-16,0.012934654389237252
2018-11-19,0.01291947461735299
2018-11-20,0.012732531070460662
2018-11-21,0.012708511943983439
2018-11-22,0.012682681825915417
2018-11-23,0.012544845294955314
2018-11-26,0.012587002333268125
2018-11-27,0.01258558273023648
2018-11-28,0.012419806192062219
2018-11-29,0.012225794003970131
2018-11-30,0.012224406379204439
2018-12-03,0.012383705127039905
2018-12-04,0.012671988273489969
2018-12-05,0.012649050497348642
2018-12-06,0.01288560878587104
2018-12-07,0.01305939257303816
2018-12-10,0.013127991363945263
2018-12-11,0.013087654251651627
2018-12-12,0.013419248635716606
2018-12-13,0.013431881188644712
2018-12-14,0.013377382763137867
2018-12-17,0.014184678832674682
2018-12-18,0.014301130462693861
2018-12-19,0.014469234634933308
2018-12-20,0.014416601388998432
2018-12-21,0.014341389806579763
2018-12-24,0.01525224501912229
2018-12-25,0.014958420944179388
2018-12-26,0.015443721060738214
2018-12-27,0.01541750328990932
2018-12-28,0.01522161557413633
2018-12-31,0.015230925344114918
2019-01-01,0.015052725975246862
2019-01-02,0.015336180835696149
2019-01-03,0.015347416119671041
2019-01-04,0.015590066080337566
2019-01-07,0.01569883268182559
2019-01-08,0.01604015579904399
2019-01-09,0.01597072363094828
2019-01-10,0.016085099377060676
2019-01-11,0.015981997350448137
2019-01-14,0.015955637917169155
2019-01-15,0.01602507471506132
2019-01-16,0.01603560577409608
2019-01-17,0.015950271990342293
2019-01-18,0.01598729714220314
2019-01-21,0.015979674725844537
2019-01-22,0.015934369352446232
2019-01-23,0.015894404684088228
2019-01-24,0.015741206864403112
2019-01-25,0.015879417137687764
2019-01-28,0.015810595437557334
2019-01-29,0.01586282795007885
2019-01-30,0.015900964071283476
2019-01-31,0.01592598025221417
2019-02-01,0.015796527064847247
2019-02-04,0.015773767676409065
2019-02-05,0.015719591745528463
2019-02-06,0.015723089943841886
2019-02-07,0.015756708473213112
2019-02-08,0.01575436215417494
2019-02-11,0.015688998417620875
2019-02-12,0.015653537944437277
2019-02-13,0.015457395135561665
2019-02-14,0.014752142174455663
2019-02-15,0.014741435982824829
2019-02-18,0.014723774386136335
2019-02-19,0.014677544408507402
2019-02-20,0.014667038936323155
2019-02-21,0.014694389200338508
2019-02-22,0.014694708055391834
2019-02-25,0.014693887350241923
2019-02-26,0.014655565698421965
2019-02-27,0.014601886335995753
2019-02-28,0.014575163041892266
2019-03-01,0.014369358165811679
2019-03-04,0.014320843759110136
2019-03-05,0.01431484929002538
2019-03-06,0.014182607808386281
2019-03-07,0.014219239963407309
2019-03-08,0.014208447228194422
2019-03-11,0.014244173873503308
2019-03-12,0.014213277202141774
2019-03-13,0.01414013103174306
2019-03-14,0.01414151406217663
2019-03-15,0.014131200929504954
2019-03-18,0.01418498899631303
2019-03-19,0.014196619447325648
2019-03-20,0.014212050167031589
2019-03-21,0.014231294716604245
2019-03-22,0.014292093070032992
2019-03-25,0.014284359604689698
2019-03-26,0.014288181061257338
2019-03-27,0.014317235151502393
2019-03-28,0.014333049648822623
2019-03-29,0.014337362984849914
2019-04-01,0.014300461252152962
2019-04-02,0.014349238780883816
2019-04-03,0.01431675099092433
2019-04-04,0.014322203186902938
2019-04-05,0.014322815011518567
2019-04-08,0.01419486949484789
2019-04-09,0.013921078808739515
2019-04-10,0.014011501017765868
2019-04-11,0.013801076350429988
2019-04-12,0.013582452543305803
2019-04-15,0.013538605638146236
2019-04-16,0.013605682415057425
2019-04-17,0.013278155279844914
2019-04-18,0.013378128792755952
2019-04-19,0.01336235941828284
2019-04-22,0.01247258259872354
2019-04-23,0.012463891044648701
2019-04-24,0.012265246731515094
2019-04-25,0.012133186504214806
2019-04-26,0.01178252190693138
2019-04-29,0.010373248789445885
2019-04-30,0.010464640136430786
2019-05-01,0.009934574833334894
2019-05-02,0.010148222452513523
2019-05-03,0.010136524869234482
2019-05-06,0.01019104639337541
2019-05-07,0.010620526233765248
2019-05-08,0.010063859430571592
2019-05-09,0.009993670463244873
2019-05-10,0.009769355039911998
2019-05-13,0.009721566929398321
2019-05-14,0.009182957202027726
2019-05-15,0.009201242805242779
2019-05-16,0.00911333524969898
2019-05-17,0.009129353183022266
2019-05-20,0.009276123948321616
2019-05-21,0.009315773641222151
2019-05-22,0.009330961791880938
2019-05-23,0.009318117439905346
2019-05-24,0.009419257679328833
2019-05-27,0.009419257679328833
2019-05-28,0.009562933056819066
2019-05-29,0.009747168540929867
2019-05-30,0.009722013250198638
2019-05-31,0.009535462378973876
2019-06-03,0.00967287214264538
2019-06-04,0.009605898853173537
2019-06-05,0.010084970170596053
2019-06-06,0.010060604019361015
2019-06-07,0.010058274275316801
2019-06-10,0.010057034059981682
2019-06-11,0.010061466625303328
2019-06-12,0.010038970475129114
2019-06-13,0.010046268797557862
2019-06-14,0.010037475222649889
2019-06-17,0.010096510728792899
2019-06-18,0.01009020476170115
2019-06-19,0.010159840840246938
2019-06-20,0.010211805504319407
2019-06-21,0.010342879543664347
2019-06-24,0.010402402859186016
2019-06-25,0.010475173448406799
2019-06-26,0.010594294139369303
2019-06-27,0.010659993946927473
2019-06-28,0.010667847906681823
2019-07-01,0.010652973351420998
2019-07-02,0.010832765844043557
2019-07-03,0.010783488509756438
2019-07-04,0.010779486851257467
2019-07-05,0.010777187689103884
2019-07-08,0.010772129342707762
2019-07-09,0.010771956626147928
2019-07-10,0.010766055601732268
2019-07-11,0.011057770915081578
2019-07-12,0.011148437213968288
2019-07-15,0.011062127835610891
2019-07-16,0.011186402541977971
2019-07-17,0.011145540083323677
2019-07-18,0.01117823785511063
2019-07-19,0.011417869303249414
2019-07-22,0.011347370478829081
2019-07-23,0.011436957316478563
2019-07-24,0.011440383416227162
2019-07-25,0.01140362534905985
2019-07-26,0.011307407350161282
2019-07-29,0.011312080338182796
2019-07-30,0.011237614893368749
2019-07-31,0.011367057314162345
2019-08-01,0.011349451737569865
2019-08-02,0.011353541628941675
2019-08-05,0.011648051656807441
2019-08-06,0.011696856405226691
2019-08-07,0.011712303054545483
2019-08-08,0.011875140293951267
2019-08-09,0.011888475099050477
2019-08-12,0.011886514081952118
2019-08-13,0.011853053291325445
2019-08-14,0.011946027129420311
2019-08-15,0.011998753086182286
2019-08-16,0.012028450197312388
2019-08-19,0.01209828292263505
2019-08-20,0.012157205857257929
2019-08-21,0.012158056255605417
2019-08-22,0.012054273269097093
2019-08-23,0.01238181825359942
2019-08-26,0.012361932718029482
2019-08-27,0.012281853366213371
2019-08-28,0.012232358460293318
2019-08-29,0.012272446870438488
2019-08-30,0.01225080784951308
2019-09-02,0.012199015178899842
2019-09-03,0.01213124850107947
2019-09-04,0.01210776979228176
2019-09-05,0.012012155439478337
2019-09-06,0.012003104638610677
2019-09-09,0.01197658990686243
2019-09-10,0.011781719296546799
2019-09-11,0.011836053508540566
2019-09-12,0.011975430348732977
2019-09-13,0.01191949894887134
2019-09-16,0.011943919432204082
2019-09-17,0.012017895841609786
2019-09-18,0.012050604580122394
2019-09-19,0.012005940353606795
2019-09-20,0.012035068592166923
2019-09-23,0.01193532032630289
2019-09-24,0.011846266727558208
2019-09-25,0.011875612101991903
2019-09-26,0.011940874792689392
2019-09-27,0.011859772741917872
2019-09-30,0.01188960646971071
2019-10-01,0.011856862944783247
2019-10-02,0.011700776893583302
2019-10-03,0.011782261687644655
2019-10-04,0.011795721855355655
2019-10-07,0.011671411388368745
2019-10-08,0.011704891101084762
2019-10-09,0.011237614910073393
2019-10-10,0.011213402886808095
2019-10-11,0.01121360330836909
2019-10-14,0.011219106947701323
2019-10-15,0.011687292513680952
2019-10-16,0.011677577401991015
2019-10-17,0.011599018525148292
2019-10-18,0.011605316228210292
2019-10-21,0.011598106848963612
2019-10-22,0.011575804138863053
2019-10-23,0.011561464420310277
2019-10-24,0.011510933752876406
2019-10-25,0.011502199415446468
2019-10-28,0.01296314710248632
2019-10-29,0.01293690224100842
2019-10-30,0.01277614027754406
2019-10-31,0.012686916881921357
2019-11-01,0.012667433984559162
2019-11-04,0.01266573567302154
2019-11-05,0.012714452503755953
2019-11-06,0.012806877869147689
2019-11-07,0.01281456524550551
2019-11-08,0.012814859701696098
2019-11-11,0.0128148733743386
2019-11-12,0.012843011936663927
2019-11-13,0.012923864041239418
2019-11-14,0.012712005109416669
2019-11-15,0.012632232518792991
2019-11-18,0.012654645430387319
2019-11-19,0.012574804381811194
2019-11-20,0.012583219681121123
2019-11-21,0.01258458713033307
2019-11-22,0.012376349551167712
2019-11-25,0.012370479660964393
2019-11-26,0.01235418055094865
2019-11-27,0.012341368799790189
2019-11-28,0.012283905975429943
2019-11-29,0.012314906731538879
2019-12-02,0.012451653360048635
2019-12-03,0.012439229782732453
2019-12-04,0.012286688038124645
2019-12-05,0.012287262482183136
2019-12-06,0.012276850202071919
2019-12-09,0.01198701017010774
2019-12-10,0.01189122696061286
2019-12-11,0.01200091449769746
2019-12-12,0.011880057744599354
2019-12-13,0.011880723914350919
2019-12-16,0.01188158448099737
2019-12-17,0.011958799183539613
2019-12-18,0.011795275235943503
2019-12-19,0.011746946687561134
2019-12-20,0.011684906262605443
2019-12-23,0.011561632936942552
2019-12-24,0.011411029384400246
2019-12-25,0.011367088220394334
2019-12-26,0.011354120639373182
2019-12-27,0.01101184581460068
2019-12-30,0.010979722718135418
2019-12-31,0.010944740842133859
2020-01-01,0.010903021150907978
2020-01-02,0.010897775059147824
2020-01-03,0.010950558542021403
2020-01-06,0.010961894473016393
2020-01-07,0.010930954542248105
2020-01-08,0.010902945635639897
2020-01-09,0.010853255561367302
2020-01-10,0.010863123448629481
2020-01-13,0.011181824677586898
2020-01-14,0.011128909104725918
2020-01-15,0.01120170514955905
2020-01-16,0.011111757603527343
2020-01-17,0.011147775787253827
2020-01-20,0.011089350544795953
2020-01-21,0.011082679016946491
2020-01-22,0.011190340833077208
2020-01-23,0.011338021482540837
2020-01-24,0.011299704369652316
2020-01-27,0.01138943271193859
2020-01-28,0.011381079853312026
2020-01-29,0.011374877860140555
2020-01-30,0.011311072382676568
2020-01-31,0.011927171372346172
2020-02-03,0.0119670389106915
2020-02-04,0.012008839502333902
2020-02-05,0.012041793311162587
2020-02-06,0.011956972669630252
2020-02-07,0.011934458346294986
2020-02-10,0.012024811624074637
2020-02-11,0.012094815437756461
2020-02-12,0.012101230530138209
2020-02-13,0.01210905014790831
2020-02-14,0.012152121704540603
2020-02-17,0.012147702933626551
2020-02-18,0.011711299361153739
2020-02-19,0.011733352194863447
2020-02-20,0.011789371805196009
2020-02-21,0.011783650545063279
2020-02-24,0.012282370324298077
2020-02-25,0.013215956433329751
2020-02-26,0.013169641153062156
2020-02-27,0.01422671027064434
2020-02-28,0.014464284879652277
2020-03-02,0.014076852571481072
2020-03-03,0.01410810005119185
2020-03-04,0.015161659848818586
2020-03-05,0.016105105226760306
2020-03-06,0.016753955723310947
2020-03-09,0.019734836000274415
2020-03-10,0.020064615555007617
2020-03-11,0.02218565701393399
2020-03-12,0.022730753993343948
2020-03-13,0.025711068519113943
2020-03-16,0.03248891757597227
2020-03-17,0.034045890343106754
2020-03-18,0.034251051565557106
2020-03-19,0.03471637847163651
2020-03-20,0.034744305721310285
2020-03-23,0.034743859111129115
2020-03-24,0.03662782786698106
2020-03-25,0.03671739584480521
2020-03-26,0.0375736476716502
2020-03-27,0.037634924897702676
2020-03-30,0.03795890131644604
2020-03-31,0.03804511743863645
2020-04-01,0.03924075916194777
2020-04-02,0.03939098378116084
2020-04-03,0.03946310400978396
2020-04-06,0.04052020985336534
2020-04-07,0.040522773646646075
2020-04-08,0.04107284326044161
2020-04-09,0.04160322371433739
2020-04-10,0.04160316779718739
2020-04-13,0.042080296207640734
2020-04-14,0.04221173983672551
2020-04-15,0.04229928999162503
2020-04-16,0.042335038298343765
2020-04-17,0.042399034415235966
2020-04-20,0.042448794432119734
2020-04-21,0.04243279751125092
2020-04-22,0.042445526988820016
2020-04-23,0.04246651058588844
2020-04-24,0.04254675834344577
2020-04-27,0.04266604892383769
2020-04-28,0.042749210590973793
2020-04-29,0.042753923308978585
2020-04-30,0.042764185474071965
2020-05-01,0.04285918800847552
2020-05-04,0.04285998285916302
2020-05-05,0.042865170591940345
2020-05-06,0.0428758416868115
2020-05-07,0.04288896018527858
2020-05-08,0.042932079701970154
2020-05-11,0.04294975936255699
2020-05-12,0.04331976890764253
2020-05-13,0.043348081907978724
2020-05-14,0.04337903622156973
2020-05-15,0.0433847323742621
2020-05-18,0.04352481019112943
2020-05-19,0.043582798035161185
2020-05-20,0.043649985698912055
2020-05-21,0.043635955376491294
2020-05-22,0.043646738562568586
2020-05-25,0.043646738562568586
2020-05-26,0.043724523859650324
2020-05-27,0.04373705346736612
2020-05-28,0.04371759622033962
2020-05-29,0.043749145748328826
2020-06-01,0.04380506980768991
2020-06-02,0.04384483996997802
2020-06-03,0.04387993930107939
2020-06-04,0.04410003017119496
2020-06-05,0.04401989843068822
2020-06-08,0.04405752457419009
2020-06-09,0.04402802075737817
2020-06-10,0.04403301917413441
2020-06-11,0.04447183096394013
2020-06-12,0.04465644378060183
2020-06-15,0.04462767130834974
2020-06-16,0.04468067482943438
2020-06-17,0.04467706588536444
2020-06-18,0.04471137610518655
2020-06-19,0.04484183226427495
2020-06-22,0.04484971657370482
2020-06-23,0.04485688015660873
2020-06-24,0.044891800090007976
2020-06-25,0.044917475277849034
2020-06-26,0.044953065402875955
2020-06-29,0.04484990957932678
2020-06-30,0.0446579875906008
2020-07-01,0.04469900308037791
2020-07-02,0.044358203529792556
2020-07-03,0.04424567364587556
2020-07-06,0.04398848034355123
2020-07-07,0.043980501758150374
2020-07-08,0.04362223476379228
2020-07-09,0.04328992275143749
2020-07-10,0.043078387316726176
2020-07-13,0.041758973105065045
2020-07-14,0.041576816943551344
2020-07-15,0.04033527485623555
2020-07-16,0.04001958284717184
2020-07-17,0.03846738910683996
2020-07-20,0.03259680734377489
2020-07-21,0.03133967493296566
2020-07-22,0.03096328026038684
2020-07-23,0.03021938870597928
2020-07-24,0.030131840194548773
2020-07-27,0.03016146797254503
2020-07-28,0.02813597922586907
2020-07-29,0.028251729318503557
2020-07-30,0.02730914856195016
2020-07-31,0.02725977714701007
2020-08-03,0.026889867369733478
2020-08-04,0.026653999895533263
2020-08-05,0.024649452757656103
2020-08-06,0.024494357552249452
2020-08-07,0.02429316685699609
2020-08-10,0.02271346440654637
2020-08-11,0.022991984953240934
2020-08-12,0.022196516590011223
2020-08-13,0.02124665855959887
2020-08-14,0.021251382243078487
2020-08-17,0.020304383099131715
2020-08-18,0.02008098075963522
2020-08-19,0.019918877489925026
2020-08-20,0.019851228136074258
2020-08-21,0.01972699102347769
2020-08-24,0.0196423308436157
2020-08-25,0.019638644609992466
2020-08-26,0.01961384908602
2020-08-27,0.019566404455546055
2020-08-28,0.019400663041275138
2020-08-31,0.01916326255516575
2020-09-01,0.018968910079838575
2020-09-02,0.019198145578700466
2020-09-03,0.019425659703051004
2020-09-04,0.019216149000397628
2020-09-07,0.01921632176621323
2020-09-08,0.019338414605704
2020-09-09,0.019424147836891906
2020-09-10,0.01942383133031372
2020-09-11,0.019308247895512384
2020-09-14,0.019326774669780892
2020-09-15,0.018409690059598055
2020-09-16,0.018304181268424983
2020-09-17,0.018296954576400397
2020-09-18,0.018353142734714886
2020-09-21,0.01817531018205936
2020-09-22,0.01815445364687113
2020-09-23,0.018461315274036716
2020-09-24,0.01843405607283725
2020-09-25,0.01854662251416625
2020-09-28,0.0186972871790573
2020-09-29,0.01849655119593984
2020-09-30,0.018422627169897433
2020-10-01,0.01843267562025125
2020-10-02,0.01843736553764326
2020-10-05,0.01830425381087226
2020-10-06,0.01823177425090216
2020-10-07,0.01816740477688055
2020-10-08,0.017611374322329308
2020-10-09,0.017434987881590844
2020-10-12,0.017348828271949054
2020-10-13,0.017427879065163045
2020-10-14,0.01760473508450568
2020-10-15,0.016432401719221723
2020-10-16,0.015986576698566148
2020-10-19,0.016040304075808268
2020-10-20,0.015819772148474076
2020-10-21,0.015847610679735547
2020-10-22,0.01573734255581841
2020-10-23,0.015281987777984394
2020-10-26,0.01556054114034016
2020-10-27,0.015572980334595338
2020-10-28,0.015551375528491767
2020-10-29,0.015685395448665252
2020-10-30,0.015595888981531945
2020-11-02,0.01575973528885768
2020-11-03,0.01577618388808994
2020-11-04,0.015713515890377526
2020-11-05,0.015710470210549995
2020-11-06,0.015749716089282745
2020-11-09,0.016702425892414267
2020-11-10,0.016681992650748843
2020-11-11,0.01678732420140583
2020-11-12,0.016776373188013533
2020-11-13,0.016674021937543117
2020-11-16,0.016608964105132126
2020-11-17,0.016626181857785718
2020-11-18,0.016893027959061738
2020-11-19,0.016852265376403552
2020-11-20,0.016468948653024444
2020-11-23,0.016472410138444197
2020-11-24,0.01612259424748628
2020-11-25,0.01611695754991727
2020-11-26,0.016107652652558698
2020-11-27,0.016159651053684183
2020-11-30,0.016052836132408987
2020-12-01,0.016032518453774274
2020-12-02,0.015841523071487028
2020-12-03,0.015820621609276855
2020-12-04,0.015916171367916485
2020-12-07,0.015953093717933273
2020-12-08,0.01594854268056534
2020-12-09,0.015943073737735937
2020-12-10,0.015968826833837445
2020-12-11,0.015969095715711278
2020-12-14,0.01592440225627675
2020-12-15,0.015851536325375875
2020-12-16,0.015658816829946867
2020-12-17,0.01572043169563243
2020-12-18,0.015940152516371105
2020-12-21,0.015837344226113853
2020-12-22,0.01583697969633401
2020-12-23,0.0157959998198698
2020-12-24,0.01580773445716798
2020-12-25,0.015802416551524666
2020-12-28,0.01580737154699726
2020-12-29,0.01581549876797965
2020-12-30,0.01583227580860393
2020-12-31,0.01583160205342049
2021-01-01,0.015819148025083093
2021-01-04,0.016277417751623082
2021-01-05,0.01627568479990524
2021-01-06,0.01613667205510819
2021-01-07,0.015949039085608234
2021-01-08,0.01599386502335935
2021-01-11,0.016131378486291616
2021-01-12,0.01600296058612786
2021-01-13,0.015849760254496536
2021-01-14,0.01582035999159407
2021-01-15,0.016002753195664424
2021-01-18,0.015895311973320555
2021-01-19,0.01587767489809203
2021-01-20,0.01607583596498927
2021-01-21,0.016046625278494885
2021-01-22,0.015979098832668095
2021-01-25,0.01571240570214711
2021-01-26,0.015817397259374352
2021-01-27,0.015485743888802542
2021-01-28,0.015485718383876572
2021-01-29,0.015293446628397904
2021-02-01,0.015329780613501291
2021-02-02,0.015346190901704871
2021-02-03,0.015341560924543361
2021-02-04,0.015266329995221187
2021-02-05,0.015127108887491898
2021-02-08,0.015101154738624284
2021-02-09,0.01508547193993045
2021-02-10,0.015033087613799453
2021-02-11,0.014997537320545989
2021-02-12,0.014997807632731721
2021-02-15,0.0149367598391801
2021-02-16,0.014885740734020074
2021-02-17,0.014670929650693287
2021-02-18,0.014640819360107837
2021-02-19,0.014630287023407677
2021-02-22,0.014585920826890416
2021-02-23,0.0145786046260355
2021-02-24,0.014612226906201526
2021-02-25,0.01473687899332431
2021-02-26,0.014927914907967412
2021-03-01,0.014657190076226014
2021-03-02,0.014593448839475226
2021-03-03,0.01484424054495512
2021-03-04,0.014567988238822521
2021-03-05,0.014660707461648166
2021-03-08,0.014459985670701662
2021-03-09,0.014459288329927735
2021-03-10,0.014391927786863842
2021-03-11,0.014536956603437588
2021-03-12,0.014626965129547156
2021-03-15,0.013649317546919273
2021-03-16,0.0137212415542232
2021-03-17,0.01373227108810869
2021-03-18,0.013734349004229604
2021-03-19,0.01382023961643467
2021-03-22,0.014229629590875807
2021-03-23,0.014283148408823151
2021-03-24,0.014054562835521834
2021-03-25,0.013981680227847263
2021-03-26,0.014164997304150242
2021-03-29,0.014140104426562992
2021-03-30,0.014111713675592483
2021-03-31,0.014137260265914092
2021-04-01,0.014332932067825222
2021-04-02,0.014246449577773998
2021-04-05,0.014231787981764396
2021-04-06,0.014254896742387592
2021-04-07,0.013934881916622878
2021-04-08,0.013982747730064688
2021-04-09,0.013925828001058757
2021-04-12,0.013859689128778661
2021-04-13,0.013854072551913265
2021-04-14,0.013892596453327072
2021-04-15,0.014084074846242325
2021-04-16,0.01408405803456305
2021-04-19,0.014073163100033231
2021-04-20,0.013976537490004154
2021-04-21,0.013977518596323568
2021-04-22,0.013925578440716685
2021-04-23,0.013629470291144388
2021-04-26,0.013586339497269818
2021-04-27,0.013595223563869788
2021-04-28,0.013474844828421432
2021-04-29,0.013469621456612459
2021-04-30,0.013467850771844614
2021-05-03,0.01345842887395999
2021-05-04,0.01345027289882491
2021-05-05,0.01366018691320668
2021-05-06,0.013714768461482897
2021-05-07,0.01375108237501761
2021-05-10,0.013115990561848015
2021-05-11,0.013196144602423458
2021-05-12,0.01315196910416676
2021-05-13,0.013108310652991655
2021-05-14,0.013081138007015129
2021-05-17,0.012880969148454295
2021-05-18,0.012889422984351934
2021-05-19,0.012878245087923066
2021-05-20,0.012975354348681389
2021-05-21,0.012795445751693276
2021-05-24,0.012797649943050413
2021-05-25,0.01279861452185707
2021-05-26,0.012620131154746665
2021-05-27,0.012643704935369409
2021-05-28,0.012646608625846918
2021-05-31,0.012574435652335804
2021-06-01,0.012256112311954217
2021-06-02,0.011982202355692058
2021-06-03,0.0119822713103248
2021-06-04,0.011977806895362746
2021-06-07,0.011702631193830823
2021-06-08,0.01169500735615339
2021-06-09,0.011652656540648957
2021-06-10,0.011833302678155529
2021-06-11,0.011930971609926237
2021-06-14,0.011973947917124675
2021-06-15,0.012177980802498638
2021-06-16,0.012289909368940293
2021-06-17,0.012320644944544426
2021-06-18,0.012635254317973769
2021-06-21,0.012877891683066137
2021-06-22,0.01283629212235811
2021-06-23,0.012836395303479608
2021-06-24,0.012834522484294895
2021-06-25,0.012825519430973346
2021-06-28,0.012812676572408345
2021-06-29,0.01281202317111567
2021-06-30,0.012858734800513425
2021-07-01,0.01268512901524571
2021-07-02,0.01241732602754654
2021-07-05,0.012419016774930777
2021-07-06,0.012448905942913447
2021-07-07,0.01194588210991459
2021-07-08,0.011926145749844476
2021-07-09,0.011932210396276408
2021-07-12,0.011860954193426311
2021-07-13,0.011786612923945054
2021-07-14,0.011749640573895059
2021-07-15,0.011633659380652589
2021-07-16,0.011531893159363113
2021-07-19,0.011481672016421446
2021-07-20,0.011440450869634262
2021-07-21,0.011235824262255846
2021-07-22,0.011228792077093593
2021-07-23,0.011037409204823724
2021-07-26,0.010587541381268417
2021-07-27,0.01053112582731977
2021-07-28,0.010514195892378583
2021-07-29,0.01050758265327758
2021-07-30,0.010290674913554915
2021-08-02,0.010288831305618688
2021-08-03,0.01031441904507462
2021-08-04,0.010303056532967004
2021-08-05,0.010109671916899411
2021-08-06,0.01014070237637677
2021-08-09,0.010134855361438459
2021-08-10,0.010137651612585164
2021-08-11,0.010153157598795204
2021-08-12,0.010088824314012059
2021-08-13,0.010142186616853609
2021-08-16,0.010204905592727836
2021-08-17,0.01018321255438165
2021-08-18,0.01020778607424825
2021-08-19,0.009935566712553863
2021-08-20,0.009957605264125492
2021-08-23,0.009984829494796532
2021-08-24,0.01001885521198645
2021-08-25,0.01002262090717751
2021-08-26,0.01002125386946341
2021-08-27,0.010029110901071763
2021-08-30,0.010181845085706102
2021-08-31,0.010182849514802512
2021-09-01,0.01042415567436374
2021-09-02,0.01039338076532537
2021-09-03,0.01039499405223789
2021-09-06,0.010374307123461149
2021-09-07,0.010431694698082023
2021-09-08,0.01010479973709928
2021-09-09,0.010505509040983508
2021-09-10,0.010508857624709923
2021-09-13,0.010542698023969599
2021-09-14,0.010455507875345436
2021-09-15,0.010156618245219743
2021-09-16,0.010123613870765743
2021-09-17,0.0103153337636262
2021-09-20,0.010348867887085956
2021-09-21,0.010337648020055329
2021-09-22,0.010366865177338834
2021-09-23,0.01028594806268684
2021-09-24,0.010324522507623403
2021-09-27,0.010426764100085025
2021-09-28,0.010443825948719978
2021-09-29,0.01044001980780663
2021-09-30,0.010460476348335261
2021-10-01,0.010457280997081453
2021-10-04,0.010459561188166114
2021-10-05,0.010330920926039782
2021-10-06,0.010260707286063181
2021-10-07,0.010334751347539061
2021-10-08,0.010356895796688604
2021-10-11,0.010358776919020542
2021-10-12,0.010662224392855838
2021-10-13,0.010726829284886214
2021-10-14,0.010591080401442363
2021-10-15,0.010528757032613436
2021-10-18,0.010665387770452905
2021-10-19,0.010460765048491595
2021-10-20,0.010768484265362303
2021-10-21,0.010775265176644707
2021-10-22,0.01042387543052997
2021-10-25,0.01015405092035787
2021-10-26,0.010145416339026854
2021-10-27,0.010285271903547511
2021-10-28,0.010446718621738049
2021-10-29,0.010540298095648196
2021-11-01,0.010533224807250888
2021-11-02,0.010626250604806512
2021-11-03,0.010451183748126744
2021-11-04,0.010450608791969152
2021-11-05,0.010485276989492195
2021-11-08,0.010509734655648226
2021-11-09,0.010454462959190712
2021-11-10,0.010446118114153979
2021-11-11,0.010439882178710322
2021-11-12,0.010300175060959062
2021-11-15,0.010221707301736214
2021-11-16,0.010102913518797685
2021-11-17,0.010107380091286868
2021-11-18,0.010100581691647436
2021-11-19,0.010110554069111708
2021-11-22,0.010095036898619314
2021-11-23,0.01010953552800392
2021-11-24,0.010106855640785329
2021-11-25,0.010109609069048023
2021-11-26,0.010671466832592428
2021-11-29,0.010889573552637035
2021-11-30,0.011037200398555018
2021-12-01,0.010946702727328611
2021-12-02,0.011072666010205793
2021-12-03,0.011072361819643156
2021-12-06,0.01112185074933011
2021-12-07,0.011211631138322022
2021-12-08,0.011177910043786723
2021-12-09,0.011231334664368011
2021-12-10,0.01122706068603107
2021-12-13,0.011325582812798161
2021-12-14,0.01144237719103864
2021-12-15,0.011646010235840349
2021-12-16,0.011627526224388672
2021-12-17,0.011668696251661675
2021-12-20,0.011614705537037626
2021-12-21,0.01163111987241773
2021-12-22,0.011557849892638831
2021-12-23,0.011569027560406356
2021-12-24,0.011553829359503295
2021-12-27,0.011770057896859733
2021-12-28,0.011528390971754168
2021-12-29,0.011553974237472056
2021-12-30,0.0115522803578839
2021-12-31,0.011549643284921755
2022-01-03,0.011696523785530431
2022-01-04,0.012011186519135568
2022-01-05,0.01204662696318137
2022-01-06,0.012074130884332533
2022-01-07,0.012249718004589636
2022-01-10,0.012264593273721093
2022-01-11,0.012210912345997065
2022-01-12,0.01219853116617335
2022-01-13,0.01179752716215996
2022-01-14,0.011761422837918721
2022-01-17,0.011732078460402737
2022-01-18,0.011730281682235671
2022-01-19,0.011723311404924856
2022-01-20,0.011722472403092894
2022-01-21,0.011536170825698019
2022-01-24,0.01160673255569834
2022-01-25,0.011602826630709655
2022-01-26,0.011710693525017383
2022-01-27,0.011894808763536104
2022-01-28,0.01261310693438427
2022-01-31,0.01253723186453699
2022-02-01,0.012762217477860494
2022-02-02,0.012967628883030144
2022-02-03,0.012948634862096154
2022-02-04,0.013132199464503991
2022-02-07,0.013188745757523828
2022-02-08,0.013202572150989246
2022-02-09,0.013438288517650327
2022-02-10,0.014310872863168197
2022-02-11,0.014384213674498469
2022-02-14,0.014408492482258157
2022-02-15,0.014174509280179015
2022-02-16,0.01416179613637032
2022-02-17,0.014124709966704304
2022-02-18,0.014108080240696125
2022-02-21,0.013949037986659758
2022-02-22,0.013939579786944382
2022-02-23,0.013616820009610573
2022-02-24,0.013706502585057385
2022-02-25,0.014180723077886958
2022-02-28,0.014285921232835933
2022-03-01,0.01426274820469992
2022-03-02,0.014218284003463965
2022-03-03,0.014139021311520962
2022-03-04,0.014106318555601868
2022-03-07,0.014174997087383586
2022-03-08,0.014147770756514771
2022-03-09,0.014355604719161355
2022-03-10,0.014360409220880055
2022-03-11,0.014521625650089331
2022-03-14,0.014519244080502865
2022-03-15,0.014635546115836699
2022-03-16,0.014750610325990147
2022-03-17,0.01487328171329615
2022-03-18,0.015042944065534978
2022-03-21,0.015043711797524947
2022-03-22,0.015033932613606202
2022-03-23,0.015058925356645339
2022-03-24,0.015089556473919684
2022-03-25,0.015114128565113672
2022-03-28,0.015232957725939975
2022-03-29,0.015440580884090366
2022-03-30,0.01539726893420549
2022-03-31,0.01550244837696736
2022-04-01,0.015381784667178038
2022-04-04,0.01527864226853707
2022-04-05,0.01523741206041805
2022-04-06,0.015397624125347464
2022-04-07,0.015325824299394632
2022-04-08,0.015327427659658601
2022-04-11,0.015404477793872749
2022-04-12,0.015304720040874497
2022-04-13,0.015306953126235461
2022-04-14,0.015328374440365798
2022-04-15,0.015297403967581752
2022-04-18,0.01520172670834775
2022-04-19,0.015670431184299755
2022-04-20,0.015587930882526121
2022-04-21,0.015632121591102086
2022-04-22,0.015625730489338727
2022-04-25,0.015640555779677608
2022-04-26,0.015695273069206896
2022-04-27,0.015718338346325158
2022-04-28,0.016047544179181805
2022-04-29,0.017991653439952137
2022-05-02,0.018419762131377065
2022-05-03,0.018425081298432632
2022-05-04,0.01837907673609769
2022-05-05,0.01906283246278372
2022-05-06,0.019270651294720983
2022-05-09,0.020202053353931118
2022-05-10,0.02080241959475545
2022-05-11,0.02074247563601269
2022-05-12,0.020742100816651197
2022-05-13,0.021046592961885813
2022-05-16,0.021178245507904255
2022-05-17,0.021191432856715462
2022-05-18,0.02182752142804904
2022-05-19,0.021831095527845564
2022-05-20,0.021832922259916464
2022-05-23,0.021851733894148066
2022-05-24,0.021838787049432717
2022-05-25,0.02183654456413362
2022-05-26,0.021948967162774176
2022-05-27,0.02235897132885893
2022-05-30,0.022325971975030633
2022-05-31,0.022319664506350582
2022-06-01,0.02230867314813611
2022-06-02,0.022452852108124803
2022-06-03,0.02200165920162533
2022-06-06,0.02196090286018294
2022-06-07,0.021932119664792554
2022-06-08,0.02208910669163931
2022-06-09,0.02217316191235847
2022-06-10,0.022477543125499756
2022-06-13,0.023826173442396893
2022-06-14,0.02395957126120301
2022-06-15,0.024317356544137764
2022-06-16,0.02405286764187752
2022-06-17,0.024045365334000004
2022-06-20,0.024044226956390257
2022-06-21,0.024139775098350556
2022-06-22,0.024336720036045558
2022-06-23,0.024484974663290318
2022-06-24,0.024809797266517553
2022-06-27,0.024882092954798603
2022-06-28,0.024898892041835905
2022-06-29,0.024881333658176574
2022-06-30,0.024793728922192445
2022-07-01,0.024590021062817883
2022-07-04,0.02453580073546983
2022-07-05,0.024577434385575313
2022-07-06,0.024528584026283138
2022-07-07,0.024504771142063828
2022-07-08,0.024487313679382176
2022-07-11,0.024464394787749016
2022-07-12,0.024443026171658788
2022-07-13,0.024291696560519504
2022-07-14,0.02437054456611179
2022-07-15,0.024444662154772322
2022-07-18,0.024453540517921406
2022-07-19,0.024945041466877777
2022-07-20,0.024856256410821818
2022-07-21,0.024785998396209208
2022-07-22,0.02468253459738038
2022-07-25,0.024687960200363783
2022-07-26,0.024689845291103164
2022-07-27,0.024679393964192116
2022-07-28,0.02504163176450185
2022-07-29,0.025016603478475934
2022-08-01,0.024939794895006803
2022-08-02,0.024770219218183894
2022-08-03,0.024807803057378817
2022-08-04,0.024765015976382962
2022-08-05,0.024588386461846766
2022-08-08,0.024566672430327372
2022-08-09,0.02454853480127775
2022-08-10,0.024445863641686882
2022-08-11,0.02444031415060006
2022-08-12,0.024577715382359245
2022-08-15,0.024547935521463025
2022-08-16,0.02455994053559792
2022-08-17,0.024563632194361543
2022-08-18,0.024532991004306164
2022-08-19,0.024597230713346373
2022-08-22,0.02469870065271611
2022-08-23,0.02435394796149215
2022-08-24,0.024377832334425694
2022-08-25,0.024417316727165385
2022-08-26,0.024619300413651842
2022-08-29,0.024623743833294832
2022-08-30,0.02462539039851937
2022-08-31,0.024579822736503817
2022-09-01,0.02430274113179877
2022-09-02,0.023099597023484367
2022-09-05,0.022647525192196163
2022-09-06,0.022724974421305614
2022-09-07,0.022874698165389503
2022-09-08,0.022348494684404065
2022-09-09,0.02220883413128516
2022-09-12,0.021225912582671123
2022-09-13,0.020877079671835917
2022-09-14,0.0210123789603072
2022-09-15,0.021448488338917892
2022-09-16,0.021228172752879616
2022-09-19,0.02109500043924635
2022-09-20,0.02114898667246182
2022-09-21,0.020567332024587937
2022-09-22,0.020565791681454313
2022-09-23,0.02056615795179782
2022-09-26,0.020995215826492167
2022-09-27,0.021068549282449955
2022-09-28,0.021150136323506544
2022-09-29,0.021199879282516515
2022-09-30,0.020750642179291783
2022-10-03,0.02097589389513218
2022-10-04,0.02105387084318834
2022-10-05,0.021024954204867448
2022-10-06,0.021038421682402202
2022-10-07,0.021039644115801157
2022-10-10,0.021071992456568968
2022-10-11,0.021104175038699605
2022-10-12,0.020753771387477103
2022-10-13,0.020794304079659827
2022-10-14,0.020582395270680284
2022-10-17,0.01981664195978255
2022-10-18,0.01970646788247377
2022-10-19,0.01944138189770986
2022-10-20,0.019222155543241422
2022-10-21,0.019193090114958334
2022-10-24,0.019196505382357145
2022-10-25,0.0197454801529299
2022-10-26,0.019587749434989827
2022-10-27,0.019451182177214716
2022-10-28,0.01915341374711419
2022-10-31,0.019157078567684453
2022-11-01,0.019237889406342412
2022-11-02,0.019304886462542567
2022-11-03,0.019346347600257798
2022-11-04,0.019219372801963668
2022-11-07,0.01926970009815175
2022-11-08,0.01924441298715116
2022-11-09,0.01926110127188796
2022-11-10,0.021233281360629727
2022-11-11,0.021307618717291435
2022-11-14,0.021560309928051954
2022-11-15,0.021551907762537816
2022-11-16,0.02157111282355662
2022-11-17,0.021484197256612086
2022-11-18,0.021434162696414537
2022-11-21,0.021381813849824335
2022-11-22,0.020758916829536782
2022-11-23,0.02075602958950078
2022-11-24,0.020730793759549906
2022-11-25,0.02071933875080379
2022-11-28,0.021185601846741443
2022-11-29,0.021314625891592703
2022-11-30,0.021641825140392687
2022-12-01,0.02123656573965653
2022-12-02,0.021234891591003092
2022-12-05,0.021330640810492622
2022-12-06,0.021303663034235008
2022-12-07,0.02131529742208684
2022-12-08,0.021373060341467073
2022-12-09,0.021388325237803398
2022-12-12,0.0214537001674121
2022-12-13,0.021589421744205063
2022-12-14,0.021556633030461365
2022-12-15,0.021702825750978403
2022-12-16,0.022114724652410166
2022-12-19,0.022087246504078634
2022-12-20,0.02207698137929109
2022-12-21,0.022151305148740308
2022-12-22,0.02215197933709274
2022-12-23,0.022084477304132304
2022-12-26,0.02196012311407361
2022-12-27,0.021879731569672243
2022-12-28,0.021901863002056675
2022-12-29,0.022128528995459813
2022-12-30,0.021881852724751547
2023-01-02,0.021869519800192777
2023-01-03,0.0218336796676738
2023-01-04,0.022184632806213515
2023-01-05,0.02249305767987993
2023-01-06,0.022687179810437136
2023-01-09,0.022692612593510537
2023-01-10,0.02262890569655071
2023-01-11,0.022929071251696242
2023-01-12,0.022926917406194233
2023-01-13,0.02288057339628306
2023-01-16,0.02287463335794444
2023-01-17,0.02248674892930485
2023-01-18,0.02234030940263095
2023-01-19,0.021940210779712012
2023-01-20,0.021841005581898876
2023-01-23,0.02198131316449303
2023-01-24,0.021897469530507658
2023-01-25,0.02177126836394357
2023-01-26,0.02184367874953722
2023-01-27,0.021879047026209283
2023-01-30,0.021463487685909485
2023-01-31,0.021372443812426676
2023-02-01,0.02135083520392285
2023-02-02,0.021272383363667227
2023-02-03,0.021432196584774046
2023-02-06,0.02128513612613461
2023-02-07,0.021275114660056643
2023-02-08,0.02126942353174566
2023-02-09,0.020985469699328987
2023-02-10,0.02089880322019687
2023-02-13,0.02082669899099377
2023-02-14,0.020831258785451893
2023-02-15,0.02083023287505264
2023-02-16,0.02081371139558255
2023-02-17,0.020544516023713013
2023-02-20,0.019751975394691076
2023-02-21,0.01982659260427521
2023-02-22,0.019405585074073237
2023-02-23,0.019417610264585133
2023-02-24,0.019571881202812034
2023-02-27,0.01960378517304029
2023-02-28,0.01901320361873233
2023-03-01,0.01908194109443068
2023-03-02,0.019273746243457488
2023-03-03,0.019282830506016778
2023-03-06,0.019148635164580197
2023-03-07,0.01924419142676953
2023-03-08,0.019164118357922234
2023-03-09,0.019434091965798504
2023-03-10,0.019828774127606984
2023-03-13,0.019826994582477147
2023-03-14,0.019850862227644307
2023-03-15,0.01982318652583544
2023-03-16,0.017759155225401366
2023-03-17,0.018021264417592945
2023-03-20,0.0178521892821867
2023-03-21,0.017855542517720858
2023-03-22,0.018262263449678687
2023-03-23,0.01821695119119108
2023-03-24,0.018285806513600934
2023-03-27,0.018283001326010424
2023-03-28,0.018272834651321766
2023-03-29,0.018492155629365178
2023-03-30,0.01857172321338539
2023-03-31,0.01870812088797994
2023-04-03,0.01813241654451906
2023-04-04,0.01801293230233615
2023-04-05,0.017735431672882794
2023-04-06,0.017725483620965553
2023-04-07,0.017724296404092784
2023-04-10,0.01755641826348392
2023-04-11,0.01758498561512613
2023-04-12,0.01754422738764898
2023-04-13,0.017510072905310987
2023-04-14,0.017576339274565526
2023-04-17,0.017750327693225945
2023-04-18,0.017555428290769153
2023-04-19,0.017591505491776255
2023-04-20,0.017465340843560072
2023-04-21,0.0166691140461343
2023-04-24,0.016672972213210915
2023-04-25,0.016834198785925843
2023-04-26,0.016824542729621916
2023-04-27,0.01701801828955278
2023-04-28,0.017202218829379747
2023-05-01,0.0173897901366109
2023-05-02,0.01738505891692107
2023-05-03,0.017206476947734816
2023-05-04,0.016914259949148767
2023-05-05,0.01696689824355872
2023-05-08,0.01696629839678486
2023-05-09,0.01701968872354296
2023-05-10,0.016671053785837293
2023-05-11,0.016337189847884053
2023-05-12,0.015991247907527893
2023-05-15,0.01597873091998427
2023-05-16,0.016367065252149583
2023-05-17,0.015827801781562335
2023-05-18,0.015806263755167728
2023-05-19,0.015827829947482726
2023-05-22,0.015857981154555945
2023-05-23,0.01586378059335494
2023-05-24,0.01598002598489918
2023-05-25,0.015957740102026073
2023-05-26,0.01610380175417149
2023-05-29,0.01586639592153816
2023-05-30,0.015872975310011753
2023-05-31,0.015863393220648468
2023-06-01,0.015819253110339906
2023-06-02,0.01587321402931514
2023-06-05,0.015787880230908782
2023-06-06,0.015772430463881153
2023-06-07,0.015827713728161566
2023-06-08,0.015771283205173355
2023-06-09,0.015905332939922096
2023-06-12,0.015966060244577966
2023-06-13,0.01602408961615107
2023-06-14,0.016044548328735017
2023-06-15,0.015987231198570203
2023-06-16,0.016008459615224124
2023-06-19,0.015975452629993798
2023-06-20,0.015998855241448437
2023-06-21,0.015998638268703357
2023-06-22,0.01603230626599261
2023-06-23,0.016101178798303483
2023-06-26,0.016218812359812092
2023-06-27,0.016231482306475593
2023-06-28,0.016225648480971328
2023-06-29,0.016216732683920758
2023-06-30,0.016084494275253273
2023-07-03,0.016064381074516503
2023-07-04,0.016059464444701837
2023-07-05,0.015934559903494676
2023-07-06,0.01567670807854378
2023-07-07,0.015574719820747906
2023-07-10,0.015573843534826456
2023-07-11,0.01536759176554863
2023-07-12,0.01542718486286756
2023-07-13,0.015138582414207655
2023-07-14,0.014628098405649343
2023-07-17,0.014584018043054186
2023-07-18,0.014932915116007266
2023-07-19,0.014972880759325175
2023-07-20,0.014972925565935453
2023-07-21,0.014567409939703057
2023-07-24,0.01443392335681542
2023-07-25,0.014428545610351572
2023-07-26,0.013966945663935996
2023-07-27,0.014462405935198078
2023-07-28,0.014286320961078364
2023-07-31,0.014312123277710363
2023-08-01,0.014316179279347413
2023-08-02,0.01404195787405107
2023-08-03,0.013932338656701
2023-08-04,0.013783392067357283
2023-08-07,0.013885242532336214
2023-08-08,0.013910245672945363
2023-08-09,0.01384038573574142
2023-08-10,0.013839813280133662
2023-08-11,0.01388798549344674
2023-08-14,0.013862566069081728
2023-08-15,0.013848561560137385
2023-08-16,0.013867406430359639
2023-08-17,0.013920951774847768
2023-08-18,0.013834499533268587
2023-08-21,0.013567237660957548
2023-08-22,0.013580853756273794
2023-08-23,0.013641845236429542
2023-08-24,0.01359329768392649
2023-08-25,0.013613876492931805
2023-08-28,0.013657539812876353
2023-08-29,0.013500990040065173
2023-08-30,0.013430263230139107
2023-08-31,0.01322580341517361
2023-09-01,0.012968477811184456
2023-09-04,0.01273388684242461
2023-09-05,0.01292244556777875
2023-09-06,0.012853654222158171
2023-09-07,0.012948483702476057
2023-09-08,0.012809668569732431
2023-09-11,0.012811141232287212
2023-09-12,0.012757377335172945
2023-09-13,0.01263754922499607
2023-09-14,0.012778366886428872
2023-09-15,0.012771622936369135
2023-09-18,0.012776990884433305
2023-09-19,0.012337851066011873
2023-09-20,0.01228832263597647
2023-09-21,0.013535076885239056
2023-09-22,0.013508407878785494
2023-09-25,0.013481994594105857
2023-09-26,0.013562164840889592
2023-09-27,0.01340073685489853
2023-09-28,0.01340057420555284
2023-09-29,0.013137826777152185
2023-10-02,0.013366876634904823
2023-10-03,0.013482647502466834
2023-10-04,0.013519110799741189
2023-10-05,0.013454969513719089
2023-10-06,0.013292310178997378
2023-10-09,0.013308990258522982
2023-10-10,0.013294860596525519
2023-10-11,0.013311566753665655
2023-10-12,0.01330888914369449
2023-10-13,0.012971446090205407
2023-10-16,0.012961861639243339
2023-10-17,0.013121619506015465
2023-10-18,0.01357284175226075
2023-10-19,0.01366651995266563
2023-10-20,0.013630829367569507
2023-10-23,0.013708935147941618
2023-10-24,0.013689880131129798
2023-10-25,0.013997485558174549
2023-10-26,0.01395606345818827
2023-10-27,0.014074091923692345
2023-10-30,0.014044141875687036
2023-10-31,0.014093332131524803
2023-11-01,0.014135405409623499
2023-11-02,0.014503083034321199
2023-11-03,0.014595403095264931
2023-11-06,0.014616489476297354
2023-11-07,0.014624440105480205
2023-11-08,0.014662605653028842
2023-11-09,0.014744635432293788
2023-11-10,0.01480321463845817
2023-11-13,0.014929177525159158
2023-11-14,0.016440189395286842
2023-11-15,0.01638428466699654
2023-11-16,0.016307560863038254
2023-11-17,0.016286540303767867
2023-11-20,0.01631684398555048
2023-11-21,0.016000447796341438
2023-11-22,0.016004715207947284
2023-11-23,0.015976739673893865
2023-11-24,0.015911195294211443
2023-11-27,0.01584483807438876
2023-11-28,0.015847635743207664
2023-11-29,0.015760600691026513
2023-11-30,0.015481429537508463
2023-12-01,0.01575389509530589
2023-12-04,0.01583533058949004
2023-12-05,0.01589538485026326
2023-12-06,0.01589565999085438
2023-12-07,0.015895043111599165
2023-12-08,0.01586117213944803
2023-12-11,0.015861466329641253
2023-12-12,0.01583861294507378
2023-12-13,0.016926959226464044
2023-12-14,0.018008512952709634
2023-12-15,0.018057846503418816
2023-12-18,0.0181086529243612
2023-12-19,0.018106675511836052
2023-12-20,0.01829357694945864
2023-12-21,0.018229971602060118
2023-12-22,0.018232493844144593
2023-12-25,0.018187168878002202
2023-12-26,0.018189844019792737
2023-12-27,0.0181197735866472
2023-12-28,0.018086781515276082
2023-12-29,0.018146659445251956
2024-01-01,0.01811690019141061
2024-01-02,0.018122214155589022
2024-01-03,0.018426079160288513
2024-01-04,0.01837913165594738
2024-01-05,0.018377876316632704
2024-01-08,0.01848789002158389
2024-01-09,0.018346551861699954
2024-01-10,0.018334770781038314
2024-01-11,0.01836594139885718
2024-01-12,0.018348259927880813
2024-01-15,0.01834463093434156
2024-01-16,0.018394542737462227
2024-01-17,0.018569890616765533
2024-01-18,0.01839302364028177
2024-01-19,0.01847570739261325
2024-01-22,0.018471216604728936
2024-01-23,0.018452167641572596
2024-01-24,0.018573053797920614
2024-01-25,0.017648340829784042
2024-01-26,0.017644401491539705
2024-01-29,0.01763528218908113
2024-01-30,0.01758987096998574
2024-01-31,0.017585420119601482
2024-02-01,0.017813724711106708
2024-02-02,0.017850586063029698
2024-02-05,0.0177607975222961
2024-02-06,0.01784159946601209
2024-02-07,0.017881698244710025
2024-02-08,0.017975153310247603
2024-02-09,0.017976738758276278
2024-02-12,0.01798351490311067
2024-02-13,0.01801032400660528
2024-02-14,0.017929803059521812
2024-02-15,0.017803918536327828
2024-02-16,0.017802341634178615
2024-02-19,0.017776348922195113
2024-02-20,0.017533654975897907
2024-02-21,0.017068747917242395
2024-02-22,0.01693519483715588
2024-02-23,0.016935991412817795
2024-02-26,0.01683695975619806
2024-02-27,0.016830306907163896
2024-02-28,0.016489813331660448
2024-02-29,0.016505368735105014
2024-03-01,0.016270661466238002
2024-03-04,0.016259156111896135
2024-03-05,0.016226636985237266
2024-03-06,0.016217904031649362
2024-03-07,0.015966939532602746
2024-03-08,0.015967729210838267
2024-03-11,0.01588646587149636
2024-03-12,0.015854287439962644
2024-03-13,0.015893973922758906
2024-03-14,0.015920906571455423
2024-03-15,0.015913908799457685
2024-03-18,0.01576476697536859
2024-03-19,0.014316164543545432
2024-03-20,0.014294178666630986
2024-03-21,0.014308534379186538
2024-03-22,0.014357188475831069
2024-03-25,0.014410337988661292
2024-03-26,0.014517369595153313
2024-03-27,0.014793138036068998
2024-03-28,0.014820500653234476
2024-03-29,0.014819852816093203
2024-04-01,0.01496096381072775
2024-04-02,0.015110126942331506
2024-04-03,0.015095201870329337
2024-04-04,0.015064279106132032
2024-04-05,0.014776283585261256
2024-04-08,0.014714296304424852
2024-04-09,0.014630184270386802
2024-04-10,0.01542752783820787
2024-04-11,0.015431171735411232
2024-04-12,0.015452495872526126
2024-04-15,0.015602878277501795
2024-04-16,0.01562925740465532
2024-04-17,0.016324205432726897
2024-04-18,0.015041165449112458
2024-04-19,0.015016658710847022
2024-04-22,0.015011891884225581
2024-04-23,0.015005368084734743
2024-04-24,0.014885600689663272
2024-04-25,0.01487729182062405
2024-04-26,0.014841847810287932
2024-04-29,0.014890532272048184
2024-04-30,0.015099122235152876
2024-05-01,0.015073951827978079
2024-05-02,0.015335460121873867
2024-05-03,0.015375964709896897
2024-05-06,0.015403493615675714
2024-05-07,0.01570883181529435
2024-05-08,0.015498165431173884
2024-05-09,0.015694150261884598
2024-05-10,0.01569410719108949
2024-05-13,0.015525955574604192
2024-05-14,0.015547151508391649
2024-05-15,0.01564952897146727
2024-05-16,0.01560007792774635
2024-05-17,0.015619609066427044
2024-05-20,0.015634427874875893
2024-05-21,0.015641768147215726
2024-05-22,0.015500869473501757
2024-05-23,0.01585515993693857
2024-05-24,0.015739259082689565
2024-05-27,0.01573365735438944
2024-05-28,0.015736615441903936
2024-05-29,0.015618396722982224
2024-05-30,0.015837479751184453
2024-05-31,0.016103741343289898
2024-06-03,0.016318589083602047
2024-06-04,0.016362299412891343
2024-06-05,0.01636007754149153
2024-06-06,0.016091316055185455
2024-06-07,0.016076332999253425
2024-06-10,0.016015495185691116
2024-06-11,0.01571864919668532
2024-06-12,0.015743388514131443
2024-06-13,0.015583127976755049
2024-06-14,0.015560769861953797
2024-06-17,0.015560546578612652
2024-06-18,0.015573767824235803
2024-06-19,0.015574352778043197
2024-06-20,0.015419392959013888
2024-06-21,0.015419453612192014
2024-06-24,0.015594950001725784
2024-06-25,0.01566821395128589
2024-06-26,0.01568469245496279
2024-06-27,0.015721598055884713
2024-06-28,0.015759910257559736
2024-07-01,0.01575710431766134
2024-07-02,0.015815225993905845
2024-07-03,0.015758222241545036
2024-07-04,0.015754235418249222
2024-07-05,0.015756367707780255
2024-07-08,0.015744850428743046
2024-07-09,0.015727042145870375
2024-07-10,0.015848262395486305
2024-07-11,0.016246753108240246
2024-07-12,0.016129518835404033
2024-07-15,0.016146653859156278
2024-07-16,0.01614533642902409
2024-07-17,0.016197658109062995
2024-07-18,0.016079106343105703
2024-07-19,0.016100898308939557
2024-07-22,0.016276316059505316
2024-07-23,0.016295113023872026
2024-07-24,0.0164254127156703
2024-07-25,0.016545901909012194
2024-07-26,0.01664049722810308
2024-07-29,0.016635033673671227
2024-07-30,0.01664999128607204
2024-07-31,0.016358226954484238
2024-08-01,0.016380097240806284
2024-08-02,0.01667458183519983
2024-08-05,0.017132311211335058
2024-08-06,0.017134068899477325
2024-08-07,0.0171440960075186
2024-08-08,0.017183975867148926
2024-08-09,0.01718398661560271
2024-08-12,0.01721747655054601
2024-08-13,0.017381727307240774
2024-08-14,0.016703088762863548
2024-08-15,0.016735673691725142
2024-08-16,0.016781310137503978
2024-08-19,0.016585247985306813
2024-08-20,0.016560737721457056
2024-08-21,0.014468742187247263
2024-08-22,0.01436701241582703
2024-08-23,0.01445205599997849
2024-08-26,0.014449983496043857
2024-08-27,0.014442975860013594
2024-08-28,0.014444155442744728
2024-08-29,0.01452853081542654
2024-08-30,0.01463674970678872
2024-09-02,0.01462129571526244
2024-09-03,0.014247245811352201
2024-09-04,0.014244532892311553
2024-09-05,0.014064440929824229
2024-09-06,0.014023810419013965
2024-09-09,0.014124688432775964
2024-09-10,0.013917948067364929
2024-09-11,0.013852016594251474
2024-09-12,0.013717963654123996
2024-09-13,0.013698233457948199
2024-09-16,0.01369816897105291
2024-09-17,0.01370511921955155
2024-09-18,0.013738174462295303
2024-09-19,0.01376515817603095
2024-09-20,0.014019467570494933
2024-09-23,0.014038495746249402
2024-09-24,0.013953095435964319
2024-09-25,0.013928606861318681
2024-09-26,0.01342324498494755
2024-09-27,0.013376441473838851
2024-09-30,0.013378812807650776
2024-10-01,0.013479048186431237
2024-10-02,0.013489962907986376
2024-10-03,0.013434867263441664
2024-10-04,0.01316491280229736
2024-10-07,0.012980624147156233
2024-10-08,0.012944820813957716
2024-10-09,0.012956472232404492
2024-10-10,0.012922852141793813
2024-10-11,0.013024961516885923
2024-10-14,0.012999881983628246
2024-10-15,0.013015793017711755
2024-10-16,0.013775343950823093
2024-10-17,0.0142705318603685
2024-10-18,0.014272078048354276
2024-10-21,0.014897130298320802
2024-10-22,0.014874250922317167
2024-10-23,0.014955601473414017
2024-10-24,0.014931964354232314
2024-10-25,0.015164462447786598
2024-10-28,0.015025263228718432
2024-10-29,0.015100815424972177
2024-10-30,0.015099422009207143
2024-10-31,0.015325940567305445
2024-11-01,0.015305680934998307
2024-11-04,0.01530668636793144
2024-11-05,0.015270894545213593
2024-11-06,0.015284936202774414
2024-11-07,0.015290735352630017
2024-11-08,0.015324910669685122
2024-11-11,0.015409055104238784
2024-11-12,0.015460432740402087
2024-11-13,0.015742262353295094
2024-11-14,0.015440541226965754
2024-11-15,0.015484735993192993
2024-11-18,0.015503522730315931
2024-11-19,0.015507320365404836
2024-11-20,0.015436473959489876
2024-11-21,0.015437045838401902
2024-11-22,0.015502036294493734
2024-11-25,0.015440832002686691
2024-11-26,0.015509899854575064
2024-11-27,0.015436863170907056
2024-11-28,0.015268022095778768
2024-11-29,0.015163120948203324
2024-12-02,0.015140277182841364
2024-12-03,0.015033070619050692
2024-12-04,0.015076455159646696
2024-12-05,0.015037829285112303
2024-12-06,0.014811710884808323
2024-12-09,0.014534246671456233
2024-12-10,0.014553916771502105
2024-12-11,0.014573909797755908
2024-12-12,0.014476396259162114
2024-12-13,0.014481824110625246
2024-12-16,0.014442485933976982
2024-12-17,0.014232064225648901
2024-12-18,0.014995711776579603
2024-12-19,0.015123749090653048
2024-12-20,0.015214113213599223
2024-12-23,0.015145261727780935
2024-12-24,0.015161511401084123
2024-12-25,0.015155756660114284
2024-12-26,0.01527113164177324
2024-12-27,0.015119257885429203
2024-12-30,0.01511734264702606
2024-12-31,0.015137574538422993
2025-01-01,0.015065990889287686
2025-01-02,0.015076600206557796
2025-01-03,0.01498623381492357
2025-01-06,0.015035176219423478
2025-01-07,0.015021479714829544
2025-01-08,0.015046375528010742
2025-01-09,0.015039298942629951
2025-01-10,0.015137590360544783
2025-01-13,0.0150304879713326
2025-01-14,0.015192443577481438
2025-01-15,0.015147838551733071
2025-01-16,0.015476126245942069
2025-01-17,0.015523784118715734
2025-01-20,0.015519782398850447
2025-01-21,0.01720527069172648
2025-01-22,0.017245192213809202
2025-01-23,0.017487616066616942
2025-01-24,0.01731866783342914
2025-01-27,0.017414904662420558
2025-01-28,0.01743624527214513
2025-01-29,0.017427290604151064
2025-01-30,0.017479251143008013
2025-01-31,0.017516623830662974
2025-02-03,0.017545929847084404
2025-02-04,0.017500576648096063
2025-02-05,0.017503877392530124
2025-02-06,0.017411037931976518
2025-02-07,0.01743818850681699
2025-02-10,0.017417005283669736
2025-02-11,0.0175212549775957
2025-02-12,0.01760533476753338
2025-02-13,0.01762399011977825
2025-02-14,0.01754038826019651
2025-02-17,0.017539484660824202
2025-02-18,0.017525432731316633
2025-02-19,0.01686373352139796
2025-02-20,0.016485943129239806
2025-02-21,0.016485234046652763
2025-02-24,0.01594511565956466
2025-02-25,0.015993154040350746
2025-02-26,0.015914855938099295
2025-02-27,0.015917295023425093
2025-02-28,0.015732605686710973
2025-03-03,0.01573659938937147
2025-03-04,0.01564221534378077
2025-03-05,0.015747298599345663
2025-03-06,0.015850272356976895
2025-03-07,0.015852078497336552
2025-03-10,0.015959257847934727
2025-03-11,0.015965829590293225
2025-03-12,0.016008915082071015
2025-03-13,0.01677680040243699
2025-03-14,0.016773788329122387
2025-03-17,0.016869741921514744
2025-03-18,0.016851107907844543
2025-03-19,0.016486227751467238
2025-03-20,0.016424112637757858
2025-03-21,0.01674672578602149
2025-03-24,0.016803710631617595
2025-03-25,0.016824462477119984
2025-03-26,0.016918652145494407
2025-03-27,0.016914420744984705
2025-03-28,0.016829561320259007
2025-03-31,0.01675029240869993
2025-04-01,0.01666792943768728
2025-04-02,0.01662254795788461
2025-04-03,0.019697019857890238
2025-04-04,0.019973550587384193
2025-04-07,0.020336359431442158
2025-04-08,0.02098298929653872
2025-04-09,0.023125188871480726
2025-04-10,0.02336419403399508
2025-04-11,0.023374834506760166
2025-04-14,0.02325945691907962
2025-04-15,0.02318022138321319
2025-04-16,0.02324999170681966
2025-04-17,0.023334407254492564
2025-04-18,0.023330896852797205
2025-04-21,0.023574047992242365
2025-04-22,0.023621981808031874
2025-04-23,0.023170377413365008
2025-04-24,0.023105491970150504
2025-04-25,0.023050849789102955
2025-04-28,0.023062531386970654
2025-04-29,0.0230565182250758
2025-04-30,0.02307472385154502
2025-05-01,0.022986715389878277
2025-05-02,0.02305132791180598
2025-05-05,0.02305100315674174
2025-05-06,0.023058670950097077
2025-05-07,0.02306514180174267
2025-05-08,0.02302259490248451
2025-05-09,0.023024600876182254
2025-05-12,0.023238803040556488
2025-05-13,0.023247667660602996
2025-05-14,0.023314415601438588
2025-05-15,0.023365924687022917
2025-05-16,0.023310789835445895
2025-05-19,0.02324663120931795
2025-05-20,0.023168529054934425
2025-05-21,0.02351495628510088
2025-05-22,0.023324339584602866
2025-05-23,0.023307651379866727
2025-05-26,0.023307651379866727
2025-05-27,0.022275360843050006
2025-05-28,0.02223899191380154
2025-05-29,0.02205358407801301
2025-05-30,0.022055381876592367
2025-06-02,0.02195131303374245
2025-06-03,0.021939847823781295
2025-06-04,0.02192967167747223
2025-06-05,0.02188907739479447
2025-06-06,0.021885671934281505
2025-06-09,0.02185549972482896
2025-06-10,0.021858638715129705
2025-06-11,0.02187020059734248
2025-06-12,0.021869907160635894
2025-06-13,0.021873163182029785
2025-06-16,0.021783735908586562
2025-06-17,0.021684540142706234
2025-06-18,0.021624849590312818
2025-06-19,0.021595567729951064
2025-06-20,0.021608493658093236
2025-06-23,0.021664549543381515
2025-06-24,0.021686327428827278
2025-06-25,0.02191755325055024
2025-06-26,0.02191351969046238
2025-06-27,0.021956365994020576
2025-06-30,0.021959255550251924
2025-07-01,0.02194570186426223
2025-07-02,0.022021066900218662
2025-07-03,0.022011974009171507
2025-07-04,0.02198372549506104
2025-07-07,0.022035762103344746
2025-07-08,0.022002607142743068
2025-07-09,0.021904866183515316
2025-07-10,0.021785987194502695
2025-07-11,0.021800573688700323
2025-07-14,0.021732406076034105
2025-07-15,0.02173482178492127
2025-07-16,0.0217533890624826
2025-07-17,0.021478529407482707
2025-07-18,0.021430300549435177
2025-07-21,0.021320934699669915
2025-07-22,0.02134150653286729
2025-07-23,0.02134889617071586
2025-07-24,0.021334224155368314
2025-07-25,0.021049014405699985
2025-07-28,0.02120086485750333
2025-07-29,0.02133006473332307
2025-07-30,0.021285118755080146
2025-07-31,0.02134703358159313
2025-08-01,0.021424091997305765
2025-08-04,0.021385563697507697
2025-08-05,0.021465950270565595
2025-08-06,0.02148423513896119
2025-08-07,0.01865906097772736
2025-08-08,0.018312419185981806
2025-08-11,0.017909721019669752
2025-08-12,0.0170096213016072
2025-08-13,0.01423090719777944
2025-08-14,0.013728128255401309
2025-08-15,0.013674813043153858
2025-08-18,0.013564688763023884
2025-08-19,0.014490162868892409
2025-08-20,0.01439524220967796
2025-08-21,0.014400766770209166
2025-08-22,0.014852140751187388
2025-08-25,0.014376776172978025
2025-08-26,0.014327026079711737
2025-08-27,0.014295124406056509
2025-08-28,0.014179413197127429
2025-08-29,0.014152974386426417
2025-09-01,0.014119411602635244
2025-09-02,0.014326219753374628
2025-09-03,0.014295581778120795
2025-09-04,0.014348073423500493
2025-09-05,0.014195183452912069
2025-09-08,0.014195228245066973
2025-09-09,0.01425346837488723
2025-09-10,0.014282846932027336
2025-09-11,0.014703933683479654
2025-09-12,0.014650317384879406
2025-09-15,0.014323037671198554
2025-09-16,0.014322641608919008
2025-09-17,0.014165392737227786
2025-09-18,0.014127005282462758
2025-09-19,0.014165953743261888
2025-09-22,0.014169903055860794
2025-09-23,0.014044438512414908
2025-09-24,0.013514946339239003
2025-09-25,0.013513047959062455
2025-09-26,0.013484373376653551
2025-09-29,0.013484000594969976
2025-09-30,0.013255146843492637
2025-10-01,0.013310623958762896
2025-10-02,0.013265537488866394
2025-10-03,0.013267628151469781
2025-10-06,0.013267657547504454
2025-10-07,0.013317013805673548
2025-10-08,0.013300237600126866
2025-10-09,0.013368019829376377
2025-10-10,0.013693377422701072
2025-10-13,0.013760078837092836
2025-10-14,0.013970966946572459
2025-10-15,0.015321066925644456
2025-10-16,0.015396882954516935
2025-10-17,0.015518701071313668
2025-10-20,0.01568994792329931
2025-10-21,0.0157088090041106
2025-10-22,0.015709177989071333
2025-10-23,0.01571206106805073
2025-10-24,0.01571070616809418
2025-10-27,0.01566683993632447
2025-10-28,0.015704455043328538
2025-10-29,0.015446965042632878
2025-10-30,0.015441413826562726
2025-10-31,0.015410243233202357
2025-11-03,0.015394311035646995
2025-11-04,0.015347167138004542
2025-11-05,0.015274494438235578
2025-11-06,0.015267733348941626
2025-11-07,0.015312084772255253
2025-11-10,0.015218352232733564
2025-11-11,0.015244403612171662
2025-11-12,0.015294476890301575
2025-11-13,0.01521361025103025
2025-11-14,0.015246983542213707
2025-11-17,0.015253375811653945
2025-11-18,0.015228801921223042
2025-11-19,0.015229031574812854
2025-11-20,0.014749650675694831
2025-11-21,0.014894980687952634
2025-11-24,0.014873991985970867
2025-11-25,0.014844686790041394
2025-11-26,0.014839620531777826
2025-11-27,0.01483366626553738
2025-11-28,0.014829799574691407
2025-12-01,0.014458226093990162
2025-12-02,0.01427127104352546
2025-12-03,0.014202109372187889
2025-12-04,0.014113102201608052
2025-12-05,0.013960553635056033
2025-12-08,0.01402336529174895
2025-12-09,0.013937754658506909
2025-12-10,0.013948060473109097
2025-12-11,0.013951612105506841
2025-12-12,0.013936195344190546
2025-12-15,0.013808768688939464
2025-12-16,0.013937087445528634
2025-12-17,0.013890987675453041
2025-12-18,0.013890985634415943
2025-12-19,0.01389443761233231
2025-12-22,0.013825286982930205
2025-12-23,0.012888999113049276
2025-12-24,0.01290133271909101
2025-12-25,0.01275455424562036
2025-12-26,0.012268104407679305
2025-12-29,0.01224714699145876
2025-12-30,0.01224152588741986
2025-12-31,0.01226245257701976
2026-01-01,0.012261882861805514
2026-01-02,0.012268054210904327
2026-01-05,0.01227195910202184
2026-01-06,0.012179848615988203
2026-01-07,0.01218616189632227
2026-01-08,0.012152119212335121
2026-01-09,0.012143482803314329
2026-01-12,0.012149143879346146
2026-01-13,0.012056906228111258
2026-01-14,0.01208257297338592
2026-01-15,0.011597219425894947
2026-01-16,0.011594730272423328
2026-01-19,0.011534957676313512
2026-01-20,0.01171473470197686
2026-01-21,0.011711186350589639
2026-01-22,0.012276916440376612
2026-01-23,0.012166895957779316
2026-01-26,0.012186679864960154
2026-01-27,0.012306692347868116
2026-01-28,0.012285130492313112
2026-01-29,0.012543382499609257
2026-01-30,0.012521495843208177
2026-02-02,0.012551811771740353
2026-02-03,0.012655108733665515
2026-02-04,0.012737896040081489
2026-02-05,0.012754303299581913
2026-02-06,0.012744623898610617
2026-02-09,0.012744085397481297
2026-02-10,0.012874659471273914
2026-02-11,0.012891146896115882
2026-02-12,0.013113136335440381
2026-02-13,0.012819363288514064
2026-02-16,0.012770669455524734
2026-02-17,0.012701982086769491
2026-02-18,0.011177352534508312
2026-02-19,0.01108671843940344
2026-02-20,0.010967612094314636
2026-02-23,0.01071050326828552
2026-02-24,0.01066097553948891
2026-02-25,0.010665034956078484
2026-02-26,0.010816247279983525
2026-02-27,0.010811081012893409
2026-03-02,0.010803913448492665
2026-03-03,0.010822085934558197
2026-03-04,0.010708252155911518
2026-03-05,0.010780074497805216
2026-03-06,0.011109135400431812
2026-03-09,0.011115397943992408
2026-03-10,0.011131804158234549
2026-03-11,0.011228131765440581
2026-03-12,0.011419750963828771
2026-03-13,0.011348849812061764
2026-03-16,0.011466609938301106
2026-03-17,0.011417714666277064
2026-03-18,0.011471256166243457
2026-03-19,0.01144484502671852
2026-03-20,0.011685692509970372
2026-03-23,0.011814119063405687
2026-03-24,0.011813138545176386
2026-03-25,0.01174257846752723
2026-03-26,0.011745298623988737
2026-03-27,0.01155994648784649
2026-03-30,0.011549525362082626
2026-03-31,0.011840748553198745
2026-04-01,0.011857609470465469
2026-04-02,0.0118607758043195
2026-04-03,0.011858574070463345
2026-04-06,0.01191490711641252
2026-04-07,0.011932030597403913
2026-04-08,0.012355056417296228
2026-04-09,0.012325559722323486
2026-04-10,0.012344978213263146
2026-04-13,0.012287584034534962
2026-04-14,0.012303025070135356
2026-04-15,0.012215687818993763
2026-04-16,0.012318674817003123
2026-04-17,0.012476959102021592
2026-04-20,0.012476055166319451
2026-04-21,0.012580769948377394
2026-04-22,0.012588380336780539
2026-04-23,0.012591790469870936
2026-04-24,0.012586012099031344
2026-04-27,0.012698137029740568
2026-04-28,0.012738421444407483
2026-04-29,0.012879668094291901
2026-04-30,0.013084349227423256
2026-05-01,0.013088176292273502
2026-05-04,0.013254646077984026
2026-05-05,0.013291483841268223
2026-05-06,0.013361344511389515
2026-05-07,0.013373775764175541
2026-05-08,0.013388977698420661
2026-05-11,0.013384202791529605
2026-05-12,0.013242011911389654
2026-05-13,0.013307283260975255
2026-05-14,0.013266490893578745
2026-05-15,0.01335795876388179
2026-05-18,0.013407628040926657
2026-05-19,0.013382015228421177
2026-05-20,0.013387261196880974
2026-05-21,0.013384294796429356
2026-05-22,0.013406586996616725
2026-05-25,0.013406586996616725
2026-05-26,0.013262148997465166
2026-05-27,0.01326908948093155
2026-05-28,0.012728295957808061
2026-05-29,0.012846371034692813
2026-06-01,0.013287916877156367
2026-06-02,0.013202906458439167
2026-06-03,0.013158846982915822
2026-06-04,0.012904645324733831
